2563/1,1,2563,6, 7, 34956, ค31101
2563/1,1,2563,6, 7, 34956, ว30105
2563/1,1,2563,6, 7, 34956, ง31101
2563/1,1,2563,6, 7, 34956, ค31201
2563/2,2,2563,6, 7, 34956, ค31102
2563/2,2,2563,6, 7, 34956, ว30104
2563/2,2,2563,6, 7, 34956, ส31104
2563/2,2,2563,6, 7, 34956, ส31102
2563/2,2,2563,6, 7, 34956, ค31202
2564/1,1,2564,6, 7, 34956, ว32181
2564/1,1,2564,6, 7, 34956, พ32101
2564/1,1,2564,6, 7, 34956, ว32207
2564/2,2,2564,6, 7, 34956, พ32102
2564/2,2,2564,6, 7, 34956, ว32208
2564/2,2,2564,6, 7, 34956, ว32246
2564/2,2,2564,6, 7, 34956, ว30264
2564/2,2,2564,6, 7, 34956, I32202
2565/1,1,2565,6, 7, 34956, ท33101
2565/1,1,2565,6, 7, 34956, ว30106
2565/1,1,2565,6, 7, 34956, ว33207
2565/1,1,2565,6, 7, 34956, ว33225
2565/1,1,2565,6, 7, 34956, ว30265
2564/1,1,2564,6, 7, 36921, พ32101
2564/1,1,2564,6, 7, 36921, ว32207
2564/2,2,2564,6, 7, 36921, อ30202
2563/2,2,2563,6, 7, 34919, ก31914
2563/2,2,2563,6, 7, 36923, ว30104
2563/2,2,2563,6, 7, 36923, ว31224
2563/2,2,2563,6, 7, 36923, ก31912
2564/1,1,2564,6, 7, 36923, ว32181
2564/1,1,2564,6, 7, 36923, ส32101
2564/1,1,2564,6, 7, 36923, พ32101
2564/1,1,2564,6, 7, 36923, ว32245
2564/1,1,2564,6, 7, 36923, I32201
2564/2,2,2564,6, 7, 36923, พ32102
2564/2,2,2564,6, 7, 36923, ง32105
2564/2,2,2564,6, 7, 36923, ว32208
2564/2,2,2564,6, 7, 36923, ว32246
2564/2,2,2564,6, 7, 36923, ว30264
2564/2,2,2564,6, 7, 36923, I32202
2565/1,1,2565,6, 7, 36923, ว30106
2565/1,1,2565,6, 7, 36923, ว33207
2565/1,1,2565,6, 7, 36923, ว33225
2565/1,1,2565,6, 7, 36923, ว30265
2563/2,2,2563,6, 7, 34760, ว30104
2563/2,2,2563,6, 7, 34760, อ31104
2564/1,1,2564,6, 7, 34760, ส32101
2564/1,1,2564,6, 7, 34760, ว32207
2564/2,2,2564,6, 7, 34760, ว30264
2565/1,1,2565,6, 7, 34760, ว33207
2565/1,1,2565,6, 7, 34760, ว33225
2563/1,1,2563,6, 7, 34716, ค31101
2563/2,2,2563,6, 7, 34716, ค31102
2563/2,2,2563,6, 7, 34716, ว30104
2563/2,2,2563,6, 7, 34716, ส31104
2564/1,1,2564,6, 7, 34716, I32201
2564/2,2,2564,6, 7, 34716, ว32246
2564/2,2,2564,6, 7, 34716, ว30264
2564/2,2,2564,6, 7, 34716, I32202
2565/1,1,2565,6, 7, 34716, ว30106
2565/1,1,2565,6, 7, 34716, ว33181
2565/1,1,2565,6, 7, 34716, ว33207
2563/1,1,2563,6, 7, 37001, ว31181
2563/2,2,2563,6, 7, 37001, ว30104
2563/2,2,2563,6, 7, 37001, ศ31102
2563/2,2,2563,6, 7, 37001, ง31102
2563/2,2,2563,6, 7, 37001, ก31912
2563/2,2,2563,6, 7, 37001, ก31911
2564/1,1,2564,6, 7, 37001, ว32181
2564/1,1,2564,6, 7, 37001, ส32101
2564/1,1,2564,6, 7, 37001, พ32101
2564/1,1,2564,6, 7, 37001, ง32109
2564/1,1,2564,6, 7, 37001, ว32207
2564/1,1,2564,6, 7, 37001, ว32245
2564/1,1,2564,6, 7, 37001, I32201
2564/1,1,2564,6, 7, 37001, ก32902
2564/2,2,2564,6, 7, 37001, ส32102
2564/2,2,2564,6, 7, 37001, พ32102
2564/2,2,2564,6, 7, 37001, ศ32102
2564/2,2,2564,6, 7, 37001, ง32105
2564/2,2,2564,6, 7, 37001, ว32208
2564/2,2,2564,6, 7, 37001, ว32246
2564/2,2,2564,6, 7, 37001, ว30264
2564/2,2,2564,6, 7, 37001, I32202
2565/1,1,2565,6, 7, 37001, ท33101
2565/1,1,2565,6, 7, 37001, ว30106
2565/1,1,2565,6, 7, 37001, ว33181
2565/1,1,2565,6, 7, 37001, ง33104
2565/1,1,2565,6, 7, 37001, ว33207
2565/1,1,2565,6, 7, 37001, ว33225
2565/1,1,2565,6, 7, 37001, ว30265
2565/1,1,2565,6, 7, 34461, ว33225
2563/1,1,2563,6, 7, 35771, ก31901
2563/2,2,2563,6, 7, 35771, ว31224
2563/2,2,2563,6, 7, 35771, ก31911
2564/2,2,2564,6, 7, 35771, ว32208
2565/1,1,2565,6, 7, 35771, ว33225
2564/2,2,2564,6, 7, 36927, ง32105
2563/1,1,2563,6, 7, 36929, ก31901
2563/2,2,2563,6, 7, 36929, ว30104
2563/2,2,2563,6, 7, 36929, ส31104
2563/2,2,2563,6, 7, 36929, ส31102
2563/2,2,2563,6, 7, 36929, ศ31102
2563/2,2,2563,6, 7, 36929, อ31104
2563/2,2,2563,6, 7, 36929, ว31224
2563/2,2,2563,6, 7, 36929, ก31911
2564/2,2,2564,6, 7, 36933, I32202
2565/1,1,2565,6, 7, 34647, ท33101
2565/1,1,2565,6, 7, 34647, ว30106
2565/1,1,2565,6, 7, 34647, ว33207
2565/1,1,2565,6, 7, 34647, ว33225
2565/1,1,2565,6, 7, 34647, ว33247
2563/2,2,2563,6, 7, 36935, ว30104
2563/2,2,2563,6, 7, 36935, ก31911
2564/2,2,2564,6, 7, 36935, ว32208
2565/1,1,2565,6, 7, 36935, ว33207
2565/1,1,2565,6, 7, 36935, ก33902
2563/2,2,2563,6, 7, 36936, ว30104
2563/2,2,2563,6, 7, 36936, ว31224
2564/2,2,2564,6, 7, 36936, ว32208
2565/1,1,2565,6, 7, 36936, ว33225
2564/2,2,2564,6, 7, 34460, พ32102
2564/2,2,2564,6, 7, 34460, ว32208
2564/2,2,2564,6, 7, 34460, อ30202
2565/1,1,2565,6, 7, 34460, ว30106
2565/1,1,2565,6, 7, 34460, ว33207
2565/1,1,2565,6, 7, 34460, ก33902
2563/1,1,2563,6, 7, 37598, ว30105
2564/1,1,2564,6, 7, 37599, ว32207
2564/2,2,2564,6, 7, 37599, พ32102
2564/2,2,2564,6, 7, 37599, ศ32102
2564/2,2,2564,6, 7, 37599, ง32105
2564/2,2,2564,6, 7, 37599, ว32208
2564/2,2,2564,6, 7, 37599, ว32246
2564/2,2,2564,6, 7, 37599, ว30264
2564/2,2,2564,6, 7, 37599, อ30202
2564/2,2,2564,6, 7, 37599, I32202
2565/1,1,2565,6, 7, 37599, ว33207
