2565/1,1,2565,5,0,37655,ท31101
2565/1,1,2565,5,0,37655,ค31101
2565/1,1,2565,5,0,37655,ว30104
2565/1,1,2565,5,0,37655,ว31181
2565/1,1,2565,5,0,37655,ส31101
2565/1,1,2565,5,0,37655,ส31103
2565/1,1,2565,5,0,36267,ส31103
2565/1,1,2565,5,0,37655,พ31101
2565/1,1,2565,5,0,37655,ศ31101
2565/1,1,2565,5,0,36267,ศ31101
2565/1,1,2565,5,0,37655,ง31101
2565/1,1,2565,5,0,37655,อ31101
2565/1,1,2565,5,0,37655,ท31203
2565/1,1,2565,5,0,37655,ค31201
2565/1,1,2565,5,0,37655,ว31205
2565/1,1,2565,5,0,37655,ว31241
2565/1,1,2565,5,0,37655,ว31223
2565/1,1,2565,5,0,36267,ง30202
2565/1,1,2565,5,0,37655,อ30205
2565/1,1,2565,5,0,37655,ก31903
2565/2,2,2565,5,0,37655,ท31102
2565/2,2,2565,5,0,36267,ท31102
2565/2,2,2565,5,0,37655,ค31102
2565/2,2,2565,5,0,37655,ว31182
2565/2,2,2565,5,0,37655,ว30106
2565/2,2,2565,5,0,36267,ว30106
2565/2,2,2565,5,0,37655,ส31102
2565/2,2,2565,5,0,37655,ส31104
2565/2,2,2565,5,0,36267,ส31104
2565/2,2,2565,5,0,37655,พ31102
2565/2,2,2565,5,0,37655,ศ31102
2565/2,2,2565,5,0,36267,ศ31102
2565/2,2,2565,5,0,37655,ง31102
2565/2,2,2565,5,0,36267,ง31102
2565/2,2,2565,5,0,37655,อ31102
2565/2,2,2565,5,0,37655,ท31204
2565/2,2,2565,5,0,37655,ค31202
2565/2,2,2565,5,0,37655,ว31244
2565/2,2,2565,5,0,37655,ว31207
2565/2,2,2565,5,0,37655,ว31224
2565/2,2,2565,5,0,37655,อ30206
2565/2,2,2565,5,0,36267,อ30206
2565/2,2,2565,5,0,36267,จ30202
2565/2,2,2565,5,0,37655,ก31912
2565/2,2,2565,5,0,37655,ก31911
2565/2,2,2565,5,0,37655,ก31913
2566/1,1,2566,5,0,37655,ท32101
2566/1,1,2566,5,0,36267,ท32101
2566/1,1,2566,5,0,37655,ค32101
2566/1,1,2566,5,0,36267,ค32101
2566/1,1,2566,5,0,37655,ว30105
2566/1,1,2566,5,0,37655,ว32181
2566/1,1,2566,5,0,36267,ว30107
2566/1,1,2566,5,0,36267,ว32181
2566/1,1,2566,5,0,37655,ส32101
2566/1,1,2566,5,0,37655,ส32103
2566/1,1,2566,5,0,36267,ส32101
2566/1,1,2566,5,0,37655,พ32101
2566/1,1,2566,5,0,36267,พ32101
2566/1,1,2566,5,0,37655,ศ32101
2566/1,1,2566,5,0,36267,ศ32101
2566/1,1,2566,5,0,37655,ง32105
2566/1,1,2566,5,0,36267,ง32105
2566/1,1,2566,5,0,37655,อ32101
2566/1,1,2566,5,0,36267,อ32101
2566/1,1,2566,5,0,37655,ค32201
2566/1,1,2566,5,0,37655,ว32207
2566/1,1,2566,5,0,37655,ว32245
2566/1,1,2566,5,0,37655,ว32225
2566/1,1,2566,5,0,36267,ง32209
2566/1,1,2566,5,0,36267,ง32211
2566/1,1,2566,5,0,37655,อ30215
2566/1,1,2566,5,0,36267,จ30203
2566/1,1,2566,5,0,36267,อ32205
2566/1,1,2566,5,0,36267,อ30215
2566/1,1,2566,5,0,37655,I32201
2566/1,1,2566,5,0,36267,I32201
2566/1,1,2566,5,0,37655,ก32902
2566/1,1,2566,5,0,37655,ก32901
2566/1,1,2566,5,0,36267,ก32902
2566/1,1,2566,5,2,36267,ก32901
2566/1,1,2566,5,2,35811,ว32225
2566/1,1,2566,5,2,35813,ว32225
2566/1,1,2566,5,2,35801,ท32101
2566/1,1,2566,5,2,35801,ค32101
2566/1,1,2566,5,2,35801,ว30105
2566/1,1,2566,5,2,35801,ว32181
2566/1,1,2566,5,2,35801,ส32101
2566/1,1,2566,5,2,35801,ส32103
2566/1,1,2566,5,2,35801,พ32101
2566/1,1,2566,5,2,35801,ศ32101
2566/1,1,2566,5,2,35801,ง32105
2566/1,1,2566,5,2,35801,อ32101
2566/1,1,2566,5,2,35801,ค32201
2566/1,1,2566,5,2,35801,ว32207
2566/1,1,2566,5,2,35801,ว32245
2566/1,1,2566,5,2,35801,ว32225
2566/1,1,2566,5,2,35801,อ30215
2566/1,1,2566,5,2,35801,I32201
2566/1,1,2566,5,2,35801,ก32902
2566/1,1,2566,5,2,35801,ก32906
2566/2,2,2566,5,2,35801,ท32102
2566/2,2,2566,5,2,35801,ค32102
2566/2,2,2566,5,2,35801,ว32182
2566/2,2,2566,5,2,35801,ว30107
2566/2,2,2566,5,2,35801,ส32102
2566/2,2,2566,5,2,35801,ส32104
2566/2,2,2566,5,2,35801,พ32102
2566/2,2,2566,5,2,35801,ศ32102
2566/2,2,2566,5,2,35801,ง32104
2566/2,2,2566,5,2,35801,อ32102
2566/2,2,2566,5,2,35801,ค32202
2566/2,2,2566,5,2,35801,ว32226
2566/2,2,2566,5,2,35801,ว32208
2566/2,2,2566,5,2,35801,ว32246
2566/2,2,2566,5,2,35801,ว30264
2566/2,2,2566,5,2,35801,อ30216
2566/2,2,2566,5,2,35801,I32202
2566/2,2,2566,5,2,35801,ก32912
2566/2,2,2566,5,3,35801,ก32913
2566/2,2,2566,5,3,36015,ก32914
2566/2,2,2566,5,3,35977,ก32914
2566/1,1,2566,5,3,35814,ว30105
2565/1,1,2565,5,3,37628,ว31181
2565/1,1,2565,5,3,37628,ง31101
2565/1,1,2565,5,3,37628,ว31205
2565/1,1,2565,5,3,37628,ว31223
2565/2,2,2565,5,3,37628,ค31202
2565/2,2,2565,5,3,37628,ว31224
2566/1,1,2566,5,3,37628,ค32101
2566/1,1,2566,5,3,37628,ว30105
2566/1,1,2566,5,3,37628,ศ32101
2566/1,1,2566,5,3,37628,อ32101
2566/1,1,2566,5,3,37628,ค32201
2566/1,1,2566,5,3,37628,ว32225
2566/1,1,2566,5,3,37628,ก32902
2566/2,2,2566,5,3,37628,ท32102
2566/2,2,2566,5,3,37628,ค32102
2566/2,2,2566,5,3,37628,ว32182
2566/2,2,2566,5,3,37628,ว30107
2566/2,2,2566,5,3,37628,ส32102
2566/2,2,2566,5,3,37628,ส32104
2566/2,2,2566,5,3,37628,พ32102
2566/2,2,2566,5,3,37628,ศ32102
2566/2,2,2566,5,3,37628,ง32104
2566/2,2,2566,5,3,37628,อ32102
2566/2,2,2566,5,3,37628,ค32202
2566/2,2,2566,5,3,37628,ว32226
2566/2,2,2566,5,3,37628,ว32208
2566/2,2,2566,5,3,37628,ว30264
2566/2,2,2566,5,3,37628,อ30216
2566/2,2,2566,5,3,37628,I32202
2566/2,2,2566,5,3,37628,ก32912
2566/2,2,2566,5,3,37628,ก32911
2566/1,1,2566,5,3,35917,ก32902
2566/2,2,2566,5,3,35917,ท32102
2566/2,2,2566,5,3,35917,ค32102
2566/2,2,2566,5,3,35917,ว32182
2566/2,2,2566,5,3,35917,ว30107
2566/2,2,2566,5,3,35917,ส32102
2566/2,2,2566,5,3,35917,ส32104
2566/2,2,2566,5,3,35917,ศ32102
2566/2,2,2566,5,3,35917,ง32104
2566/2,2,2566,5,3,35917,ค32202
2566/2,2,2566,5,3,35917,ว32226
2566/2,2,2566,5,3,35917,ว32208
2566/2,2,2566,5,3,35917,ว30264
2566/2,2,2566,5,3,35917,I32202
2566/2,2,2566,5,3,35917,ก32912
2566/1,1,2566,5,3,36056,ว30105
2566/1,1,2566,5,3,36056,ค32201
2566/1,1,2566,5,3,36056,ว32225
2566/1,1,2566,5,3,36056,ก32902
2566/2,2,2566,5,3,36056,ค32102
2566/2,2,2566,5,3,36056,ว30107
2566/2,2,2566,5,3,36056,ส32104
2566/2,2,2566,5,3,36056,อ32102
2566/2,2,2566,5,3,36056,ค32202
2566/2,2,2566,5,3,36056,ว32208
2566/1,1,2566,5,3,35969,ว32207
2566/1,1,2566,5,3,35969,ก32902
2566/2,2,2566,5,3,35969,ท32102
2566/2,2,2566,5,3,35969,ค32102
2566/2,2,2566,5,3,35969,ว32182
2566/2,2,2566,5,3,35969,ว30107
2566/2,2,2566,5,3,35969,ส32104
2566/2,2,2566,5,3,35969,ศ32102
2566/2,2,2566,5,3,35969,ง32104
2566/2,2,2566,5,3,35969,อ32102
2566/2,2,2566,5,3,35969,ค32202
2566/2,2,2566,5,3,35969,ว32226
2566/2,2,2566,5,3,35969,ว32208
2566/2,2,2566,5,3,35969,ว30264
2566/2,2,2566,5,3,35969,อ30216
2566/2,2,2566,5,3,35969,I32202
2566/2,2,2566,5,4,35969,ก32912
2565/2,2,2565,5,4,37631,ก31914
2566/1,1,2566,5,4,35925,ก32902
2566/2,2,2566,5,4,35925,ก32912
2565/2,2,2565,5,4,35942,ว31224
2566/2,2,2566,5,4,35942,ง32104
2566/2,2,2566,5,4,35942,ว32208
2566/1,1,2566,5,4,36121,ก32904
2565/1,1,2565,5,4,35991,ว31205
2565/1,1,2565,5,4,35991,ว31223
2565/2,2,2565,5,4,35991,ว31207
2565/2,2,2565,5,4,35991,ว31224
2566/1,1,2566,5,4,35991,ว32207
2566/1,1,2566,5,4,35991,ก32902
2566/2,2,2566,5,4,35991,ส32102
2566/2,2,2566,5,4,35991,ศ32102
2566/2,2,2566,5,4,35991,ง32104
2566/2,2,2566,5,4,35991,ว32208
2565/1,1,2565,5,4,35838,ว31205
2565/1,1,2565,5,4,35838,ว31223
2565/2,2,2565,5,4,35838,ท31102
2565/2,2,2565,5,4,35838,ว30106
2565/2,2,2565,5,4,35838,ส31102
2565/2,2,2565,5,4,35838,ศ31102
2565/2,2,2565,5,4,35838,ว31207
2565/2,2,2565,5,4,35838,ว31224
2565/2,2,2565,5,4,35838,อ30206
2566/1,1,2566,5,4,35838,ท32101
2566/1,1,2566,5,4,35838,ว30105
2566/1,1,2566,5,4,35838,ว32181
2566/1,1,2566,5,4,35838,ศ32101
2566/1,1,2566,5,4,35838,อ32101
2566/1,1,2566,5,4,35838,ว32207
2566/1,1,2566,5,4,35838,ว32245
2566/1,1,2566,5,4,35838,ว32225
2566/1,1,2566,5,4,35838,อ30215
2566/1,1,2566,5,4,35838,ก32902
2566/2,2,2566,5,4,35838,ท32102
2566/2,2,2566,5,4,35838,ว32182
2566/2,2,2566,5,4,35838,ว30107
2566/2,2,2566,5,4,35838,ส32102
2566/2,2,2566,5,4,35838,ศ32102
2566/2,2,2566,5,4,35838,ง32104
2566/2,2,2566,5,4,35838,อ32102
2566/2,2,2566,5,4,35838,ว32226
2566/2,2,2566,5,4,35838,ว32208
2566/2,2,2566,5,4,35838,ว32246
2566/2,2,2566,5,4,35838,ว30264
2566/2,2,2566,5,4,35838,อ30216
2566/2,2,2566,5,5,35838,ก32912
2566/2,2,2566,5,5,37645,ก32912
2565/1,1,2565,5,5,37648,ว31181
2566/2,2,2566,5,5,37649,ค32102
2566/2,2,2566,5,5,37649,ค32202
2566/2,2,2566,5,5,35947,ค32102
2566/2,2,2566,5,5,35947,ค32202
2566/2,2,2566,5,5,36081,พ32102
2566/2,2,2566,5,5,36081,ก32912
2566/2,2,2566,5,6,36048,ว32226
2565/2,2,2565,5,6,37659,ก31914
2566/2,2,2566,5,6,37659,ก32914
2566/2,2,2566,5,6,37660,ว32182
2566/2,2,2566,5,6,37660,ง32104
2566/2,2,2566,5,6,37660,ว32226
2566/2,2,2566,5,6,37660,อ30216
2566/2,2,2566,5,6,37660,ก32911
2566/1,1,2566,5,6,37662,ท32101
2566/1,1,2566,5,6,37662,ว30105
2566/1,1,2566,5,6,37662,ศ32101
2566/1,1,2566,5,6,37662,ว32225
2566/1,1,2566,5,6,37662,อ30215
2566/1,1,2566,5,6,37662,ก32902
2566/1,1,2566,5,6,37662,ก32904
2566/2,2,2566,5,6,37662,ท32102
2566/2,2,2566,5,6,37662,ค32102
2566/2,2,2566,5,6,37662,ว32182
2566/2,2,2566,5,6,37662,ว30107
2566/2,2,2566,5,6,37662,ส32102
2566/2,2,2566,5,6,37662,พ32102
2566/2,2,2566,5,6,37662,ศ32102
2566/2,2,2566,5,6,37662,ง32104
2566/2,2,2566,5,6,37662,อ32102
2566/2,2,2566,5,6,37662,ค32202
2566/2,2,2566,5,6,37662,ว32226
2566/2,2,2566,5,6,37662,ว32208
2566/2,2,2566,5,6,37662,ว32246
2566/2,2,2566,5,6,37662,ว30264
2566/2,2,2566,5,6,37662,อ30216
2566/2,2,2566,5,6,37662,ก32912
2566/2,2,2566,5,6,37662,ก32914
2566/2,2,2566,5,6,36975,พ32102
2565/2,2,2565,5,6,35902,ว31182
2566/1,1,2566,5,6,35902,ท32101
2566/1,1,2566,5,6,35902,ว30105
2566/1,1,2566,5,6,35902,ศ32101
2566/1,1,2566,5,6,35902,ว32225
2566/1,1,2566,5,6,35902,อ30215
2566/1,1,2566,5,6,35902,ก32902
2566/2,2,2566,5,6,35902,ท32102
2566/2,2,2566,5,6,35902,ค32102
2566/2,2,2566,5,6,35902,ว32182
2566/2,2,2566,5,6,35902,ว30107
2566/2,2,2566,5,6,35902,ส32102
2566/2,2,2566,5,6,35902,ส32104
2566/2,2,2566,5,6,35902,พ32102
2566/2,2,2566,5,6,35902,ศ32102
2566/2,2,2566,5,6,35902,ง32104
2566/2,2,2566,5,6,35902,อ32102
2566/2,2,2566,5,6,35902,ค32202
2566/2,2,2566,5,6,35902,ว32226
2566/2,2,2566,5,6,35902,ว32208
2566/2,2,2566,5,6,35902,ว32246
2566/2,2,2566,5,6,35902,ว30264
2566/2,2,2566,5,6,35902,อ30216
2566/2,2,2566,5,6,35902,I32202
2566/2,2,2566,5,6,35902,ก32912
2566/2,2,2566,5,6,35902,ก32913
2566/2,2,2566,5,6,35902,ก32911
2566/2,2,2566,5,6,36119,ว32182
2566/2,2,2566,5,6,36119,ว30107
2566/2,2,2566,5,6,36119,ค32202
2566/2,2,2566,5,6,36119,ว32226
2566/2,2,2566,5,6,36119,ว32208
2566/2,2,2566,5,6,36119,ก32912
2566/2,2,2566,5,6,37665,ว32182
2565/2,2,2565,5,6,37608,ท31102
2565/2,2,2565,5,6,37608,ว31182
2565/2,2,2565,5,6,37608,ว30106
2565/2,2,2565,5,6,37608,พ31102
2565/2,2,2565,5,6,37608,ศ31102
2565/2,2,2565,5,6,37608,ง31102
2565/2,2,2565,5,6,37608,อ31102
2565/2,2,2565,5,6,37608,ว31244
2565/2,2,2565,5,6,37608,ว31224
2566/1,1,2566,5,6,37608,ท32101
2566/1,1,2566,5,6,37608,ค32101
2566/1,1,2566,5,6,37608,ว30105
2566/1,1,2566,5,6,37608,ส32101
2566/1,1,2566,5,6,37608,ศ32101
2566/1,1,2566,5,6,37608,อ32101
2566/1,1,2566,5,6,37608,ค32201
2566/1,1,2566,5,6,37608,ว32207
2566/1,1,2566,5,6,37608,ว32245
2566/1,1,2566,5,6,37608,ว32225
2566/1,1,2566,5,6,37608,อ30215
2566/1,1,2566,5,6,37608,I32201
2566/1,1,2566,5,6,37608,ก32902
2566/1,1,2566,5,6,37608,ก32901
2566/2,2,2566,5,6,37608,ท32102
2566/2,2,2566,5,6,37608,ค32102
2566/2,2,2566,5,6,37608,ว32182
2566/2,2,2566,5,6,37608,ว30107
2566/2,2,2566,5,6,37608,ส32102
2566/2,2,2566,5,6,37608,ส32104
2566/2,2,2566,5,6,37608,พ32102
2566/2,2,2566,5,6,37608,ศ32102
2566/2,2,2566,5,6,37608,ง32104
2566/2,2,2566,5,6,37608,อ32102
2566/2,2,2566,5,6,37608,ค32202
2566/2,2,2566,5,6,37608,ว32226
2566/2,2,2566,5,6,37608,ว32208
2566/2,2,2566,5,6,37608,ว32246
2566/2,2,2566,5,6,37608,ว30264
2566/2,2,2566,5,6,37608,อ30216
2566/2,2,2566,5,6,37608,I32202
2566/2,2,2566,5,6,37608,ก32912
2566/2,2,2566,5,6,37608,ก32913
2566/2,2,2566,5,6,37608,ก32911
2566/2,2,2566,5,6,37668,ว32182
2566/2,2,2566,5,6,37669,ว32182
2566/2,2,2566,5,6,36043,ศ32102
2566/2,2,2566,5,6,36043,ง32104
2566/2,2,2566,5,6,37673,ว32182
2566/2,2,2566,5,6,37673,ก32912
2566/2,2,2566,5,6,35870,ว32182
2565/1,1,2565,5,6,36987,ว31223
2565/1,1,2565,5,6,36987,ก31901
2566/1,1,2566,5,6,36987,ท32101
2566/1,1,2566,5,6,36987,ก32904
2566/2,2,2566,5,6,36987,ว32182
2566/2,2,2566,5,6,36987,ว32226
2566/1,1,2566,5,6,37679,ว30105
2566/1,1,2566,5,6,37679,ศ32101
2566/1,1,2566,5,6,37679,ว32225
2566/1,1,2566,5,6,37679,ก32902
2566/2,2,2566,5,6,37679,ท32102
2566/2,2,2566,5,6,37679,ค32102
2566/2,2,2566,5,6,37679,ว32182
2566/2,2,2566,5,6,37679,ว30107
2566/2,2,2566,5,6,37679,ศ32102
2566/2,2,2566,5,6,37679,ง32104
2566/2,2,2566,5,6,37679,อ32102
2566/2,2,2566,5,6,37679,ค32202
2566/2,2,2566,5,6,37679,ว32226
2566/2,2,2566,5,6,37679,ว32208
2566/2,2,2566,5,6,37679,ว32246
2566/2,2,2566,5,6,37679,ว30264
2566/2,2,2566,5,6,37679,อ30216
2566/2,2,2566,5,6,37679,I32202
2566/2,2,2566,5,6,37679,ก32912
2566/1,1,2566,5,6,36009,ว32225
2566/2,2,2566,5,6,36009,ว32182
2566/2,2,2566,5,6,36009,ว32226
2566/2,2,2566,5,6,36148,ว32182
2566/2,2,2566,5,6,37681,ว32182
2566/2,2,2566,5,6,37681,ง32104
2566/2,2,2566,5,6,37681,ว32208
2565/2,2,2565,5,7,38847,ว30106
2566/2,2,2566,5,7,37682,ก32914
2566/2,2,2566,5,7,36256,ก32914
2566/2,2,2566,5,7,37684,ก32914
2566/1,1,2566,5,7,37686,ว32207
2566/1,1,2566,5,7,37686,ว32245
2566/1,1,2566,5,7,37686,ว32225
2566/1,1,2566,5,7,37686,อ30215
2566/1,1,2566,5,7,37686,ก32902
2566/2,2,2566,5,7,37686,ท32102
2566/2,2,2566,5,7,37686,ค32102
2566/2,2,2566,5,7,37686,ว32182
2566/2,2,2566,5,7,37686,ว30107
2566/2,2,2566,5,7,37686,ส32102
2566/2,2,2566,5,7,37686,พ32102
2566/2,2,2566,5,7,37686,ศ32102
2566/2,2,2566,5,7,37686,ง32104
2566/2,2,2566,5,7,37686,อ32102
2566/2,2,2566,5,7,37686,ค32202
2566/2,2,2566,5,7,37686,ว32226
2566/2,2,2566,5,7,37686,ว32208
2566/2,2,2566,5,7,37686,ว32246
2566/2,2,2566,5,7,37686,ว30264
2566/2,2,2566,5,7,37686,อ30216
2566/2,2,2566,5,7,37686,I32202
2566/2,2,2566,5,7,37686,ก32912
2565/1,1,2565,5,7,37687,ง31101
2565/2,2,2565,5,7,37687,ค31102
2565/2,2,2565,5,7,37687,ว30106
2565/2,2,2565,5,7,37687,พ31102
2565/2,2,2565,5,7,37687,อ31102
2565/2,2,2565,5,7,37687,ค31202
2565/2,2,2565,5,7,37687,ว31244
2565/2,2,2565,5,7,37687,ว31224
2566/1,1,2566,5,7,37687,ค32101
2566/1,1,2566,5,7,37687,ว30105
2566/1,1,2566,5,7,37687,ว32181
2566/1,1,2566,5,7,37687,ส32101
2566/1,1,2566,5,7,37687,พ32101
2566/1,1,2566,5,7,37687,ศ32101
2566/1,1,2566,5,7,37687,ง32105
2566/1,1,2566,5,7,37687,อ32101
2566/1,1,2566,5,7,37687,ค32201
2566/1,1,2566,5,7,37687,ว32207
2566/1,1,2566,5,7,37687,ว32245
2566/1,1,2566,5,7,37687,ว32225
2566/1,1,2566,5,7,37687,อ30215
2566/1,1,2566,5,7,37687,I32201
2566/1,1,2566,5,7,37687,ก32902
2566/2,2,2566,5,7,37687,ท32102
2566/2,2,2566,5,7,37687,ค32102
2566/2,2,2566,5,7,37687,ว32182
2566/2,2,2566,5,7,37687,ว30107
2566/2,2,2566,5,7,37687,ส32102
2566/2,2,2566,5,7,37687,ส32104
2566/2,2,2566,5,7,37687,พ32102
2566/2,2,2566,5,7,37687,ศ32102
2566/2,2,2566,5,7,37687,ง32104
2566/2,2,2566,5,7,37687,อ32102
2566/2,2,2566,5,7,37687,ค32202
2566/2,2,2566,5,7,37687,ว32226
2566/2,2,2566,5,7,37687,ว32208
2566/2,2,2566,5,7,37687,ว32246
2566/2,2,2566,5,7,37687,ว30264
2566/2,2,2566,5,7,37687,อ30216
2566/2,2,2566,5,7,37687,I32202
2566/2,2,2566,5,7,37687,ก32912
2566/2,2,2566,5,7,37687,ก32911
2566/1,1,2566,5,7,36125,ว32225
2566/2,2,2566,5,7,36125,ท32102
2566/2,2,2566,5,7,36125,ค32102
2566/2,2,2566,5,7,36125,ว32182
2566/2,2,2566,5,7,36125,ค32202
2566/2,2,2566,5,7,36125,ว32226
2566/2,2,2566,5,7,36125,ว30264
2566/2,2,2566,5,7,36125,อ30216
2566/2,2,2566,5,7,36125,ก32912
2565/1,1,2565,5,7,37693,ว31181
2565/1,1,2565,5,7,37693,ว31205
2565/2,2,2565,5,7,37693,ค31102
2565/2,2,2565,5,7,37693,ว31182
2565/2,2,2565,5,7,37693,อ31102
2565/2,2,2565,5,7,37693,ค31202
2565/2,2,2565,5,7,37693,ว31244
2565/2,2,2565,5,7,37693,ว31207
2565/2,2,2565,5,7,37693,ว31224
2566/1,1,2566,5,7,37693,ค32101
2566/1,1,2566,5,7,37693,ว30105
2566/1,1,2566,5,7,37693,พ32101
2566/1,1,2566,5,7,37693,ศ32101
2566/1,1,2566,5,7,37693,อ32101
2566/1,1,2566,5,7,37693,ค32201
2566/1,1,2566,5,7,37693,ว32207
2566/1,1,2566,5,7,37693,ว32245
2566/1,1,2566,5,7,37693,ว32225
2566/1,1,2566,5,7,37693,อ30215
2566/1,1,2566,5,7,37693,ก32902
2566/2,2,2566,5,7,37693,ท32102
2566/2,2,2566,5,7,37693,ค32102
2566/2,2,2566,5,7,37693,ว32182
2566/2,2,2566,5,7,37693,ว30107
2566/2,2,2566,5,7,37693,ส32102
2566/2,2,2566,5,7,37693,ส32104
2566/2,2,2566,5,7,37693,พ32102
2566/2,2,2566,5,7,37693,ศ32102
2566/2,2,2566,5,7,37693,ง32104
2566/2,2,2566,5,7,37693,อ32102
2566/2,2,2566,5,7,37693,ค32202
2566/2,2,2566,5,7,37693,ว32226
2566/2,2,2566,5,7,37693,ว32208
2566/2,2,2566,5,7,37693,ว32246
2566/2,2,2566,5,7,37693,ว30264
2566/2,2,2566,5,7,37693,อ30216
2566/2,2,2566,5,7,37693,I32202
2566/2,2,2566,5,7,37693,ก32912
2566/2,2,2566,5,7,37693,ก32911
2566/1,1,2566,5,7,36137,อ30215
2566/2,2,2566,5,7,36142,ว32182
2566/2,2,2566,5,7,36142,ว30107
2566/2,2,2566,5,7,36142,ค32202
2566/2,2,2566,5,7,36142,ว32226
2565/2,2,2565,5,8,38245,ง31102
2566/1,1,2566,5,8,36016,ก32902
2566/2,2,2566,5,8,35974,ว32182
2566/1,1,2566,5,8,35890,ว30107
2566/1,1,2566,5,8,35890,พ32101
2566/1,1,2566,5,8,35890,ท32201
2566/2,2,2566,5,8,35890,ว30212
2566/2,2,2566,5,9,35890,ก32912
2565/1,1,2565,5,9,35972,อ31101
2565/2,2,2565,5,9,35972,ว30106
2565/2,2,2565,5,9,35972,อ30224
2566/1,1,2566,5,9,35972,ก32902
2566/2,2,2566,5,9,35972,พ32102
2566/2,2,2566,5,9,35972,ง32104
2566/2,2,2566,5,9,35972,ว30212
2566/2,2,2566,5,9,35972,จ30204
2566/2,2,2566,5,9,35972,อ32206
2566/2,2,2566,5,9,35972,ก32912
2566/2,2,2566,5,9,35972,ก32914
2566/1,1,2566,5,9,36061,ก32901
2565/1,1,2565,5,9,36152,อ31101
2565/2,2,2565,5,9,36152,ว31182
2565/2,2,2565,5,9,36152,ก31914
2566/1,1,2566,5,9,36152,ท32201
2566/1,1,2566,5,9,36152,ก32902
2566/2,2,2566,5,9,36152,ว30105
2566/2,2,2566,5,9,36152,ท32202
2566/2,2,2566,5,9,36152,ว30212
2566/2,2,2566,5,9,36152,จ30204
2566/2,2,2566,5,9,36152,ก32912
2566/2,2,2566,5,9,36152,ก32914
2566/2,2,2566,5,9,36018,I32202
2565/1,1,2565,5,9,36025,อ31101
2565/1,1,2565,5,9,36025,อ30223
2565/2,2,2565,5,9,36025,ว30106
2565/2,2,2565,5,9,36025,พ31102
2565/2,2,2565,5,9,36025,ง31102
2565/2,2,2565,5,9,36025,อ31102
2565/2,2,2565,5,9,36025,อ30224
2565/2,2,2565,5,9,36025,อ30206
2565/2,2,2565,5,9,36025,จ30202
2565/2,2,2565,5,9,36025,ก31911
2566/1,1,2566,5,9,36025,อ30215
2566/2,2,2566,5,9,36025,ว30105
2566/2,2,2566,5,9,36025,พ32102
2566/2,2,2566,5,9,36025,I32202
2565/1,1,2565,5,9,36168,อ31101
2566/1,1,2566,5,9,36168,ศ32101
2566/2,2,2566,5,9,36168,ก32912
2565/1,1,2565,5,9,36078,ส31103
2565/1,1,2565,5,9,36078,อ31101
2565/2,2,2565,5,9,36078,ว30106
2565/2,2,2565,5,9,36078,ว31182
2565/2,2,2565,5,9,36078,ศ31102
2565/2,2,2565,5,9,36078,อ31102
2565/2,2,2565,5,9,36078,ว31282
2565/2,2,2565,5,9,36078,ว30217
2565/2,2,2565,5,9,36078,อ30224
2565/2,2,2565,5,9,36078,จ30202
2566/1,1,2566,5,9,36078,ค32101
2566/1,1,2566,5,9,36078,ว30107
2566/1,1,2566,5,9,36078,ศ32101
2566/1,1,2566,5,9,36078,อ32101
2566/1,1,2566,5,9,36078,ค32201
2566/1,1,2566,5,9,36078,ว30210
2566/1,1,2566,5,9,36078,อ30215
2566/2,2,2566,5,9,36078,ว32182
2566/2,2,2566,5,9,36078,ว30105
2566/2,2,2566,5,9,36078,ส32102
2566/2,2,2566,5,9,36078,ศ32102
2566/2,2,2566,5,9,36078,ง32104
2566/2,2,2566,5,9,36078,ท32202
2566/2,2,2566,5,9,36078,ว30212
2566/2,2,2566,5,9,36078,ว30208
2566/2,2,2566,5,9,36078,อ30216
2566/2,2,2566,5,9,36078,จ30204
2566/2,2,2566,5,9,36078,อ32206
2566/2,2,2566,5,9,36078,I32202
2566/2,2,2566,5,9,36078,ก32912
2566/2,2,2566,5,9,36078,ก32911
2566/1,1,2566,5,9,36118,ก32902
2566/1,1,2566,5,9,36118,ก32901
2566/2,2,2566,5,9,36118,ว32182
2566/2,2,2566,5,9,36118,ง32104
2566/2,2,2566,5,9,36118,อ32206
2566/1,1,2566,5,9,37704,ศ32101
2566/1,1,2566,5,9,37704,ท32201
2566/1,1,2566,5,9,37704,ว30206
2566/1,1,2566,5,9,37704,อ30215
2566/1,1,2566,5,9,37704,ก32902
2566/2,2,2566,5,9,37704,ท32102
2566/2,2,2566,5,9,37704,ว32182
2566/2,2,2566,5,9,37704,ว30105
2566/2,2,2566,5,9,37704,ศ32102
2566/2,2,2566,5,9,37704,ง32104
2566/2,2,2566,5,9,37704,ท32202
2566/2,2,2566,5,9,37704,ว30212
2566/2,2,2566,5,9,37704,ว30208
2566/2,2,2566,5,9,37704,อ30216
2566/2,2,2566,5,9,37704,จ30204
2566/2,2,2566,5,9,37704,อ32206
2566/2,2,2566,5,9,37704,I32202
2566/2,2,2566,5,9,37704,ก32912
2566/2,2,2566,5,9,37704,ก32911
2566/2,2,2566,5,9,37706,ว30212
2566/2,2,2566,5,9,37706,อ32206
2566/2,2,2566,5,9,37706,I32202
2566/1,1,2566,5,9,37707,ก32902
2566/1,1,2566,5,9,37707,ก32901
2566/2,2,2566,5,9,37707,ว32182
2566/2,2,2566,5,9,37707,ง32104
2566/1,1,2566,5,9,36141,อ30215
2566/1,1,2566,5,9,36141,ก32902
2566/1,1,2566,5,9,36141,ก32901
2566/2,2,2566,5,9,36141,ว32182
2566/2,2,2566,5,9,36141,ว30105
2566/2,2,2566,5,9,36141,พ32102
2566/2,2,2566,5,9,36141,ง32104
2566/2,2,2566,5,9,36141,ท32202
2566/2,2,2566,5,9,36141,ว30212
2566/2,2,2566,5,9,36141,อ30216
2566/2,2,2566,5,9,36141,จ30204
2566/2,2,2566,5,9,36141,อ32206
2566/2,2,2566,5,9,36141,I32202
2566/2,2,2566,5,9,36141,ก32912
2566/2,2,2566,5,10,36141,ก32911
2565/2,2,2565,5,10,35779,ว30106
2565/2,2,2565,5,10,35779,ง31102
2565/2,2,2565,5,10,35779,ก31914
2566/2,2,2566,5,10,35779,ว30105
2566/2,2,2566,5,10,35779,ว30212
2566/1,1,2566,5,10,36105,ว30210
2566/2,2,2566,5,10,36105,ว32182
2566/2,2,2566,5,10,36105,ว30208
2566/2,2,2566,5,10,36105,จ30204
2566/2,2,2566,5,10,36105,อ32206
2566/2,2,2566,5,10,36105,ก32912
2566/2,2,2566,5,10,36106,ว30105
2566/2,2,2566,5,10,36106,อ32102
2566/2,2,2566,5,10,36106,ว30212
2566/2,2,2566,5,10,36106,ก32912
2565/2,2,2565,5,10,37713,ว30106
2565/2,2,2565,5,10,37713,ง31102
2565/2,2,2565,5,10,37713,ก31914
2566/1,1,2566,5,10,37713,ค32101
2566/1,1,2566,5,10,37713,ค32201
2566/1,1,2566,5,10,37713,ว30210
2566/2,2,2566,5,10,37713,ว32182
2566/2,2,2566,5,10,37713,ค32202
2566/2,2,2566,5,10,37713,ว30212
2566/2,2,2566,5,10,37713,ว30208
2566/2,2,2566,5,10,37713,อ32206
2566/1,1,2566,5,10,37714,ก32902
2566/2,2,2566,5,10,37714,ว32182
2566/2,2,2566,5,10,37714,ว30212
2566/2,2,2566,5,10,36113,ว32182
2566/2,2,2566,5,10,37715,ว32182
2565/2,2,2565,5,10,36215,ท31102
2565/2,2,2565,5,10,36215,ว31282
2565/2,2,2565,5,10,36215,ว30217
2566/1,1,2566,5,10,36215,ว30107
2566/1,1,2566,5,10,36215,พ32101
2566/1,1,2566,5,10,36215,อ32101
2566/1,1,2566,5,10,36215,ท32201
2566/1,1,2566,5,10,36215,อ32205
2566/1,1,2566,5,10,36215,อ30215
2566/2,2,2566,5,10,36215,ว32182
2566/2,2,2566,5,10,36215,ว30105
2566/2,2,2566,5,10,36215,พ32102
2566/2,2,2566,5,10,36215,ง32104
2566/2,2,2566,5,10,36215,อ32102
2566/2,2,2566,5,10,36215,ท32202
2566/2,2,2566,5,10,36215,อ30216
2566/2,2,2566,5,10,36215,อ32206
2566/2,2,2566,5,10,37716,ว32182
2566/2,2,2566,5,10,37716,ว30212
2565/2,2,2565,5,10,37717,ก31914
2566/2,2,2566,5,10,37717,ว32182
2566/2,2,2566,5,10,37717,อ30216
2565/1,1,2565,5,10,37718,พ31101
2565/2,2,2565,5,10,37718,ว30106
2565/2,2,2565,5,10,37718,ว30217
2565/2,2,2565,5,10,37718,อ30224
2566/1,1,2566,5,10,37718,ว30107
2566/1,1,2566,5,10,37718,ส32101
2566/1,1,2566,5,10,37718,ค32201
2566/1,1,2566,5,10,37718,อ32205
2566/1,1,2566,5,10,37718,อ30215
2566/1,1,2566,5,10,37718,ก32902
2566/2,2,2566,5,10,37718,ค32102
2566/2,2,2566,5,10,37718,ว30105
2566/2,2,2566,5,10,37718,ส32102
2566/2,2,2566,5,10,37718,พ32102
2566/2,2,2566,5,10,37718,ศ32102
2566/2,2,2566,5,10,37718,ง32104
2566/2,2,2566,5,10,37718,ค32202
2566/2,2,2566,5,10,37718,ว30212
2566/2,2,2566,5,10,37718,อ30216
2566/2,2,2566,5,10,37718,จ30204
2566/2,2,2566,5,10,37718,อ32206
2566/1,1,2566,5,10,36274,อ30215
2566/1,1,2566,5,10,36274,ก32902
2566/2,2,2566,5,10,36274,ว32182
2566/2,2,2566,5,10,36274,พ32102
2566/2,2,2566,5,10,36274,ว30212
2566/1,1,2566,5,10,37719,ก32902
2565/1,1,2565,5,10,36086,พ31101
2565/1,1,2565,5,10,36086,ศ31101
2565/1,1,2565,5,10,36086,ง31101
2565/1,1,2565,5,10,36086,ว30213
2565/1,1,2565,5,10,36086,อ30223
2565/2,2,2565,5,10,36086,ท31102
2565/2,2,2565,5,10,36086,ว30106
2565/2,2,2565,5,10,36086,ส31102
2565/2,2,2565,5,10,36086,ศ31102
2565/2,2,2565,5,10,36086,ง31102
2565/2,2,2565,5,10,36086,อ31102
2565/2,2,2565,5,10,36086,ว30217
2565/2,2,2565,5,10,36086,อ30224
2565/2,2,2565,5,10,36086,อ30206
2565/2,2,2565,5,10,36086,จ30202
2565/2,2,2565,5,10,36086,ก31911
2566/1,1,2566,5,10,36086,ค32101
2566/1,1,2566,5,10,36086,ว30107
2566/1,1,2566,5,10,36086,ส32101
2566/1,1,2566,5,10,36086,ค32201
2566/1,1,2566,5,10,36086,ว30210
2566/1,1,2566,5,10,36086,จ30203
2566/1,1,2566,5,10,36086,อ30215
2566/1,1,2566,5,10,36086,ก32902
2566/2,2,2566,5,10,36086,ว32182
2566/2,2,2566,5,10,36086,ว30105
2566/2,2,2566,5,10,36086,ส32102
2566/2,2,2566,5,10,36086,ค32202
2566/2,2,2566,5,10,36086,ว30212
2566/2,2,2566,5,10,36086,จ30204
2566/2,2,2566,5,10,36086,ก32912
2566/2,2,2566,5,10,37720,ว32182
2566/2,2,2566,5,10,37720,ง32104
2566/2,2,2566,5,10,37721,ว32182
2566/1,1,2566,5,10,37722,ว30210
2566/1,1,2566,5,10,37722,อ30215
2566/2,2,2566,5,10,37722,ว32182
2566/2,2,2566,5,10,37722,ว30208
2566/1,1,2566,5,10,36231,จ30203
2566/1,1,2566,5,10,36231,อ30215
2566/1,1,2566,5,10,36282,จ30203
2566/1,1,2566,5,10,36282,อ30215
2566/2,2,2566,5,10,36282,ว32182
2566/2,2,2566,5,10,36282,ค32202
2566/1,1,2566,5,10,37723,ก32902
2566/2,2,2566,5,10,37723,ค32102
2566/2,2,2566,5,10,37723,ว32182
2566/2,2,2566,5,10,37723,ค32202
2566/2,2,2566,5,10,37723,ว30208
2566/2,2,2566,5,10,37723,อ30216
2566/2,2,2566,5,10,37723,อ32206
2566/1,1,2566,5,10,36184,อ30215
2566/1,1,2566,5,10,36184,ก32902
2566/2,2,2566,5,10,36184,ว32182
2566/2,2,2566,5,10,36184,อ30216
2566/2,2,2566,5,10,36184,อ32206
2566/1,1,2566,5,10,36188,ท32101
2566/1,1,2566,5,10,36188,พ32101
2566/1,1,2566,5,10,36188,ศ32101
2566/1,1,2566,5,10,36188,อ30215
2566/1,1,2566,5,10,36188,ก32902
2566/2,2,2566,5,10,36188,ท32102
2566/2,2,2566,5,10,36188,ค32102
2566/2,2,2566,5,10,36188,ว32182
2566/2,2,2566,5,10,36188,ส32102
2566/2,2,2566,5,10,36188,พ32102
2566/2,2,2566,5,10,36188,ศ32102
2566/2,2,2566,5,10,36188,ง32104
2566/2,2,2566,5,10,36188,อ32102
2566/2,2,2566,5,10,36188,ค32202
2566/2,2,2566,5,10,36188,ว30212
2566/2,2,2566,5,10,36188,อ30216
2566/2,2,2566,5,10,36188,อ32206
2566/2,2,2566,5,10,36188,ก32912
2566/2,2,2566,5,10,36188,ก32911
2566/2,2,2566,5,10,36144,ว32182
2566/2,2,2566,5,10,36103,ว32182
2566/2,2,2566,5,10,36103,ง32104
2566/1,1,2566,5,10,36010,ก32902
2566/2,2,2566,5,10,36010,ว32182
2566/1,1,2566,5,10,37725,ว30210
2566/2,2,2566,5,10,37725,ง32104
2566/2,2,2566,5,10,37725,ค32202
2566/2,2,2566,5,10,37725,อ30216
2566/2,2,2566,5,10,37725,ก32912
2566/1,1,2566,5,10,37726,ว30210
2566/1,1,2566,5,10,37726,จ30203
2566/2,2,2566,5,10,37726,ค32102
2566/2,2,2566,5,10,37726,ว30105
2566/2,2,2566,5,10,37726,ส32102
2566/2,2,2566,5,10,37726,พ32102
2566/2,2,2566,5,10,37726,ศ32102
2566/2,2,2566,5,10,37726,ง32104
2566/2,2,2566,5,10,37726,ค32202
2566/2,2,2566,5,10,37726,ว30212
2566/2,2,2566,5,10,37726,ว30208
2566/2,2,2566,5,10,37726,อ30216
2566/2,2,2566,5,11,37726,จ30204
2565/2,2,2565,5,11,36210,พ31102
2565/2,2,2565,5,11,36210,ง31102
2565/2,2,2565,5,11,36210,อ31102
2565/2,2,2565,5,11,36210,อ30224
2565/2,2,2565,5,11,36210,จ30202
2565/2,2,2565,5,11,36210,ก31913
2566/1,1,2566,5,11,36210,ค32101
2566/1,1,2566,5,11,36210,ว30107
2566/1,1,2566,5,11,36210,ส32103
2566/1,1,2566,5,11,36210,พ32101
2566/1,1,2566,5,11,36210,ศ32101
2566/1,1,2566,5,11,36210,ง32105
2566/1,1,2566,5,11,36210,อ32101
2566/1,1,2566,5,11,36210,ท32201
2566/1,1,2566,5,11,36210,ค32201
2566/1,1,2566,5,11,36210,ว30210
2566/1,1,2566,5,11,36210,อ32205
2566/1,1,2566,5,11,36210,อ30215
2566/1,1,2566,5,11,36210,ก32902
2566/2,2,2566,5,11,36210,ท32102
2566/2,2,2566,5,11,36210,ค32102
2566/2,2,2566,5,11,36210,ว32182
2566/2,2,2566,5,11,36210,ว30105
2566/2,2,2566,5,11,36210,ส32104
2566/2,2,2566,5,11,36210,พ32102
2566/2,2,2566,5,11,36210,ง32104
2566/2,2,2566,5,11,36210,อ32102
2566/2,2,2566,5,11,36210,ค32202
2566/2,2,2566,5,11,36210,อ30216
2566/2,2,2566,5,11,36210,อ32206
2566/2,2,2566,5,11,36210,ก32912
2565/2,2,2565,5,11,38216,พ31102
2565/2,2,2565,5,11,38216,ง31102
2565/2,2,2565,5,11,38216,ว31282
2565/2,2,2565,5,11,38216,ว30217
2565/2,2,2565,5,11,38216,อ30224
2565/2,2,2565,5,11,38216,ก31913
2566/1,1,2566,5,11,38216,ท32101
2566/1,1,2566,5,11,38216,ว30107
2566/1,1,2566,5,11,38216,พ32101
2566/1,1,2566,5,11,38216,ศ32101
2566/1,1,2566,5,11,38216,อ32101
2566/1,1,2566,5,11,38216,อ30215
2566/1,1,2566,5,11,38216,ก32902
2566/2,2,2566,5,11,38216,ว32182
2566/2,2,2566,5,11,38216,จ30204
2566/2,2,2566,5,11,38216,อ32206
2566/2,2,2566,5,11,38216,ก32912
2565/2,2,2565,5,11,37729,ว30106
2565/2,2,2565,5,11,37729,ว31182
2565/2,2,2565,5,11,37729,ส31104
2565/2,2,2565,5,11,37729,พ31102
2565/2,2,2565,5,11,37729,ศ31102
2565/2,2,2565,5,11,37729,ง31102
2565/2,2,2565,5,11,37729,อ31102
2565/2,2,2565,5,11,37729,ว31282
2565/2,2,2565,5,11,37729,ว30217
2565/2,2,2565,5,11,37729,อ30224
2565/2,2,2565,5,11,37729,อ30206
2565/2,2,2565,5,11,37729,จ30202
2565/2,2,2565,5,11,37729,ก31913
2566/1,1,2566,5,11,37729,ค32101
2566/1,1,2566,5,11,37729,ว30107
2566/1,1,2566,5,11,37729,ว32181
2566/1,1,2566,5,11,37729,ส32101
2566/1,1,2566,5,11,37729,พ32101
2566/1,1,2566,5,11,37729,ศ32101
2566/1,1,2566,5,11,37729,ค32201
2566/1,1,2566,5,11,37729,ว30206
2566/1,1,2566,5,11,37729,ว30210
2566/1,1,2566,5,11,37729,จ30203
2566/1,1,2566,5,11,37729,อ32205
2566/1,1,2566,5,11,37729,อ30215
2566/1,1,2566,5,11,37729,I32201
2566/1,1,2566,5,11,37729,ก32902
2566/2,2,2566,5,11,37729,ท32102
2566/2,2,2566,5,11,37729,ค32102
2566/2,2,2566,5,11,37729,ว32182
2566/2,2,2566,5,11,37729,ว30105
2566/2,2,2566,5,11,37729,ส32102
2566/2,2,2566,5,11,37729,ส32104
2566/2,2,2566,5,11,37729,พ32102
2566/2,2,2566,5,11,37729,ศ32102
2566/2,2,2566,5,11,37729,ง32104
2566/2,2,2566,5,11,37729,ท32202
2566/2,2,2566,5,11,37729,ค32202
2566/2,2,2566,5,11,37729,ว30212
2566/2,2,2566,5,11,37729,ว30208
2566/2,2,2566,5,11,37729,อ30216
2566/2,2,2566,5,11,37729,อ32206
2566/2,2,2566,5,11,37729,I32202
2566/2,2,2566,5,11,37729,ก32912
2565/2,2,2565,5,11,36978,ก31913
2566/1,1,2566,5,11,36978,พ32101
2565/2,2,2565,5,11,36224,ว30217
2566/2,2,2566,5,11,36224,พ32102
2566/1,1,2566,5,11,36279,พ32101
2565/1,1,2565,5,11,36127,ว30213
2565/2,2,2565,5,11,36127,ว31182
2565/2,2,2565,5,11,36127,ง31102
2565/2,2,2565,5,11,36127,ว30217
2565/2,2,2565,5,11,36127,จ30202
2565/2,2,2565,5,11,36127,ก31913
2566/1,1,2566,5,11,36127,ค32101
2566/1,1,2566,5,11,36127,ว30107
2566/1,1,2566,5,11,36127,ว30210
2566/1,1,2566,5,11,36127,จ30203
2566/1,1,2566,5,11,36127,ก32902
2566/2,2,2566,5,11,36127,ว32182
2566/2,2,2566,5,11,36127,ส32104
2566/2,2,2566,5,11,36127,พ32102
2566/2,2,2566,5,11,36127,ง32104
2566/2,2,2566,5,11,36127,ว30212
2566/2,2,2566,5,11,36127,I32202
2566/2,2,2566,5,11,36127,ก32912
2565/2,2,2565,5,11,36230,ก31913
2566/2,2,2566,5,11,36230,ก32912
2565/2,2,2565,5,11,37732,อ30224
2565/2,2,2565,5,11,37732,ก31913
2566/1,1,2566,5,11,37732,ค32101
2566/1,1,2566,5,11,37732,ว30107
2566/1,1,2566,5,11,37732,พ32101
2566/1,1,2566,5,11,37732,จ30203
2566/1,1,2566,5,11,37732,ก32902
2566/2,2,2566,5,11,37732,ว32182
2566/2,2,2566,5,11,37732,ว30105
2566/2,2,2566,5,11,37732,ง32104
2566/2,2,2566,5,11,37732,ค32202
2566/2,2,2566,5,11,37732,ว30212
2565/1,1,2565,5,11,36050,ส31103
2565/1,1,2565,5,11,36050,ก31901
2565/2,2,2565,5,11,36050,ก31911
2565/2,2,2565,5,11,36050,ก31913
2566/1,1,2566,5,11,36050,พ32101
2566/1,1,2566,5,11,36050,ศ32101
2566/1,1,2566,5,11,36050,ท32201
2566/1,1,2566,5,11,36050,อ30215
2566/2,2,2566,5,11,36050,ท32102
2566/2,2,2566,5,11,36050,ค32102
2566/2,2,2566,5,11,36050,ว32182
2566/2,2,2566,5,11,36050,ว30105
2566/2,2,2566,5,11,36050,ส32102
2566/2,2,2566,5,11,36050,ส32104
2566/2,2,2566,5,11,36050,พ32102
2566/2,2,2566,5,11,36050,ง32104
2566/2,2,2566,5,11,36050,อ32102
2566/2,2,2566,5,11,36050,ท32202
2566/2,2,2566,5,11,36050,ค32202
2566/2,2,2566,5,11,36050,ว30212
2566/2,2,2566,5,11,36050,ว30208
2566/2,2,2566,5,11,36050,อ30216
2566/2,2,2566,5,11,36050,จ30204
2566/2,2,2566,5,11,36050,อ32206
2566/2,2,2566,5,11,36050,ก32912
2566/2,2,2566,5,11,36050,ก32913
2566/1,1,2566,5,11,36234,พ32101
2566/1,1,2566,5,11,36234,อ30215
2566/1,1,2566,5,11,36234,ก32902
2566/2,2,2566,5,11,36234,อ30216
2566/2,2,2566,5,11,36234,อ32206
2565/2,2,2565,5,11,36235,ก31913
2566/1,1,2566,5,11,36235,พ32101
2566/2,2,2566,5,11,36235,ว30105
2566/2,2,2566,5,11,36235,พ32102
2566/2,2,2566,5,11,36235,ง32104
2566/2,2,2566,5,11,36235,ว30212
2566/2,2,2566,5,11,36235,ว30208
2566/2,2,2566,5,11,36235,อ30216
2566/2,2,2566,5,11,36235,จ30204
2566/2,2,2566,5,11,36235,อ32206
2566/2,2,2566,5,11,36235,ก32912
2565/1,1,2565,5,11,36100,ศ31101
2565/1,1,2565,5,11,36100,อ31101
2565/1,1,2565,5,11,36100,อ30223
2565/2,2,2565,5,11,36100,ว30106
2565/2,2,2565,5,11,36100,พ31102
2565/2,2,2565,5,11,36100,ศ31102
2565/2,2,2565,5,11,36100,อ31102
2565/2,2,2565,5,11,36100,ว30217
2565/2,2,2565,5,11,36100,อ30224
2565/2,2,2565,5,11,36100,อ30206
2565/2,2,2565,5,11,36100,ก31913
2566/1,1,2566,5,11,36100,ค32101
2566/1,1,2566,5,11,36100,ว30107
2566/1,1,2566,5,11,36100,ว32181
2566/1,1,2566,5,11,36100,ส32101
2566/1,1,2566,5,11,36100,พ32101
2566/1,1,2566,5,11,36100,ศ32101
2566/1,1,2566,5,11,36100,ง32105
2566/1,1,2566,5,11,36100,อ32101
2566/1,1,2566,5,11,36100,ค32201
2566/1,1,2566,5,11,36100,ว30206
2566/1,1,2566,5,11,36100,ว30210
2566/1,1,2566,5,11,36100,จ30203
2566/1,1,2566,5,11,36100,อ32205
2566/1,1,2566,5,11,36100,อ30215
2566/1,1,2566,5,11,36100,I32201
2566/1,1,2566,5,11,36100,ก32902
2566/2,2,2566,5,11,36100,ท32102
2566/2,2,2566,5,11,36100,ค32102
2566/2,2,2566,5,11,36100,ว32182
2566/2,2,2566,5,11,36100,ว30105
2566/2,2,2566,5,11,36100,ส32102
2566/2,2,2566,5,11,36100,ส32104
2566/2,2,2566,5,11,36100,พ32102
2566/2,2,2566,5,11,36100,ศ32102
2566/2,2,2566,5,11,36100,ง32104
2566/2,2,2566,5,11,36100,อ32102
2566/2,2,2566,5,11,36100,ท32202
2566/2,2,2566,5,11,36100,ค32202
2566/2,2,2566,5,11,36100,ว30212
2566/2,2,2566,5,11,36100,ว30208
2566/2,2,2566,5,11,36100,อ30216
2566/2,2,2566,5,11,36100,จ30204
2566/2,2,2566,5,11,36100,อ32206
2566/2,2,2566,5,11,36100,I32202
2566/2,2,2566,5,11,36100,ก32912
2566/2,2,2566,5,11,38234,ว32182
2566/2,2,2566,5,11,38234,ง32104
2566/2,2,2566,5,11,38234,ว30212
2565/1,1,2565,5,11,38250,ว31181
2565/1,1,2565,5,11,38250,ง31101
2565/2,2,2565,5,11,38250,ว31182
2565/2,2,2565,5,11,38250,ง31102
2566/1,1,2566,5,11,38852,ท32101
2566/1,1,2566,5,11,38852,ว30107
2566/1,1,2566,5,11,38852,ส32103
2566/1,1,2566,5,11,38852,พ32101
2566/1,1,2566,5,11,38852,ง32105
2566/1,1,2566,5,11,38852,อ32101
2566/1,1,2566,5,11,38852,ว30210
2566/1,1,2566,5,11,38852,จ30203
2566/1,1,2566,5,11,38852,อ32205
2566/1,1,2566,5,11,38852,อ30215
2566/1,1,2566,5,11,38852,ก32902
2566/2,2,2566,5,11,38852,ท32102
2566/2,2,2566,5,11,38852,ค32102
2566/2,2,2566,5,11,38852,ว32182
2566/2,2,2566,5,11,38852,ว30105
2566/2,2,2566,5,11,38852,ส32102
2566/2,2,2566,5,11,38852,ส32104
2566/2,2,2566,5,11,38852,พ32102
2566/2,2,2566,5,11,38852,ศ32102
2566/2,2,2566,5,11,38852,ง32104
2566/2,2,2566,5,11,38852,อ32102
2566/2,2,2566,5,11,38852,ท32202
2566/2,2,2566,5,11,38852,ค32202
2566/2,2,2566,5,11,38852,ว30212
2566/2,2,2566,5,11,38852,ว30208
2566/2,2,2566,5,11,38852,อ30216
2566/2,2,2566,5,11,38852,จ30204
2566/2,2,2566,5,11,38852,อ32206
2566/2,2,2566,5,11,38852,I32202
2566/2,2,2566,5,11,38852,ก32912
2566/2,2,2566,5,11,38852,ก32913
2566/1,1,2566,5,11,38854,พ32101
2566/1,1,2566,5,11,38854,ง32105
2566/1,1,2566,5,11,38854,อ32101
2566/1,1,2566,5,11,38854,จ30203
2566/1,1,2566,5,11,38854,อ30215
2566/1,1,2566,5,11,38854,ก32902
2566/2,2,2566,5,11,38854,พ32102
2566/2,2,2566,5,11,38854,อ32102
2566/2,2,2566,5,12,38854,อ30216
2565/2,2,2565,5,12,36241,ว30106
2566/1,1,2566,5,12,36241,ก32902
2566/2,2,2566,5,12,36241,ว32182
2566/2,2,2566,5,12,36241,ง32104
2566/2,2,2566,5,12,36241,อ32206
2566/1,1,2566,5,12,35780,อ32205
2566/2,2,2566,5,12,35780,ว30105
2566/2,2,2566,5,12,35780,ศ32102
2566/2,2,2566,5,12,35780,ง32104
2566/2,2,2566,5,12,35780,อ32206
2566/2,2,2566,5,12,35780,ก32912
2566/2,2,2566,5,12,36109,อ32206
2565/2,2,2565,5,12,36200,ว30106
2565/2,2,2565,5,12,36200,ส31104
2565/2,2,2565,5,12,36200,ศ31102
2565/2,2,2565,5,12,36200,ว31234
2566/1,1,2566,5,12,36200,ก32902
2566/2,2,2566,5,12,36200,ว30105
2566/2,2,2566,5,12,36200,ง32104
2566/2,2,2566,5,12,36200,จ30204
2566/2,2,2566,5,12,36200,ก32912
2565/1,1,2565,5,12,35884,ส31103
2565/1,1,2565,5,12,35884,ง30202
2565/2,2,2565,5,12,35884,ว30106
2565/2,2,2565,5,12,35884,ง31102
2566/1,1,2566,5,12,35884,I32201
2566/1,1,2566,5,12,35884,ก32902
2566/2,2,2566,5,12,35884,ก32912
2566/1,1,2566,5,12,35975,ค32101
2566/1,1,2566,5,12,35975,ว30107
2566/1,1,2566,5,12,35975,ส32101
2566/1,1,2566,5,12,35975,ศ32101
2566/1,1,2566,5,12,35975,อ32101
2566/1,1,2566,5,12,35975,จ30203
2566/1,1,2566,5,12,35975,อ32205
2566/1,1,2566,5,12,35975,อ30215
2566/1,1,2566,5,12,35975,I32201
2566/1,1,2566,5,12,35975,ก32902
2566/1,1,2566,5,12,35975,ก32904
2566/2,2,2566,5,12,35975,ท32102
2566/2,2,2566,5,12,35975,ค32102
2566/2,2,2566,5,12,35975,ว30105
2566/2,2,2566,5,12,35975,ส32102
2566/2,2,2566,5,12,35975,พ32102
2566/2,2,2566,5,12,35975,ศ32102
2566/2,2,2566,5,12,35975,ง32104
2566/2,2,2566,5,12,35975,อ32102
2566/2,2,2566,5,12,35975,ง32210
2566/2,2,2566,5,12,35975,ง32212
2566/2,2,2566,5,12,35975,อ30216
2566/2,2,2566,5,12,35975,จ30204
2566/2,2,2566,5,12,35975,อ32206
2566/2,2,2566,5,12,35975,I32202
2566/2,2,2566,5,12,35975,ก32912
2566/2,2,2566,5,12,35975,ก32914
2566/2,2,2566,5,12,36264,ว30105
2566/1,1,2566,5,12,36989,ท32101
2566/1,1,2566,5,12,36989,พ32101
2566/1,1,2566,5,12,36989,ศ32101
2566/1,1,2566,5,12,36989,อ30215
2566/1,1,2566,5,12,36989,I32201
2566/1,1,2566,5,12,36989,ก32902
2566/2,2,2566,5,12,36989,ท32102
2566/2,2,2566,5,12,36989,ว32182
2566/2,2,2566,5,12,36989,ว30105
2566/2,2,2566,5,12,36989,ส32102
2566/2,2,2566,5,12,36989,พ32102
2566/2,2,2566,5,12,36989,ศ32102
2566/2,2,2566,5,12,36989,ง32104
2566/2,2,2566,5,12,36989,อ32102
2566/2,2,2566,5,12,36989,ง32210
2566/2,2,2566,5,12,36989,ง32212
2566/2,2,2566,5,12,36989,อ30216
2566/2,2,2566,5,12,36989,จ30204
2566/2,2,2566,5,12,36989,อ32206
2566/2,2,2566,5,12,36989,I32202
2566/2,2,2566,5,12,36989,ก32912
2566/2,2,2566,5,12,36989,ก32913
2566/2,2,2566,5,12,36989,ก32911
2565/1,1,2565,5,12,37733,ง30202
2565/1,1,2565,5,12,37733,ก31902
2565/2,2,2565,5,12,37733,ท31102
2565/2,2,2565,5,12,37733,ว30106
2565/2,2,2565,5,12,37733,ส31104
2565/2,2,2565,5,12,37733,ง31102
2565/2,2,2565,5,12,37733,ก31914
2566/1,1,2566,5,12,37733,ท32101
2566/1,1,2566,5,12,37733,ว30107
2566/1,1,2566,5,12,37733,พ32101
2566/1,1,2566,5,12,37733,ศ32101
2566/1,1,2566,5,12,37733,อ32101
2566/1,1,2566,5,12,37733,จ30203
2566/1,1,2566,5,12,37733,อ32205
2566/1,1,2566,5,12,37733,อ30215
2566/1,1,2566,5,12,37733,I32201
2566/1,1,2566,5,12,37733,ก32902
2566/1,1,2566,5,12,37733,ก32904
2566/2,2,2566,5,12,37733,ท32102
2566/2,2,2566,5,12,37733,ว32182
2566/2,2,2566,5,12,37733,ว30105
2566/2,2,2566,5,12,37733,ส32102
2566/2,2,2566,5,12,37733,พ32102
2566/2,2,2566,5,12,37733,ศ32102
2566/2,2,2566,5,12,37733,ง32104
2566/2,2,2566,5,12,37733,อ32102
2566/2,2,2566,5,12,37733,ง32210
2566/2,2,2566,5,12,37733,ง32212
2566/2,2,2566,5,12,37733,อ30216
2566/2,2,2566,5,12,37733,จ30204
2566/2,2,2566,5,12,37733,อ32206
2566/2,2,2566,5,12,37733,I32202
2566/2,2,2566,5,12,37733,ก32912
2566/2,2,2566,5,12,37733,ก32913
2566/2,2,2566,5,12,37733,ก32914
2566/2,2,2566,5,12,37733,ก32911
2566/1,1,2566,5,12,36278,พ32101
2566/1,1,2566,5,12,36278,อ32101
2566/1,1,2566,5,12,36278,อ30215
2566/1,1,2566,5,12,36278,ก32902
2566/2,2,2566,5,12,36278,ว32182
2566/2,2,2566,5,12,36278,ว30105
2566/2,2,2566,5,12,36278,พ32102
2566/2,2,2566,5,12,36278,อ32102
2566/2,2,2566,5,12,36278,ง32210
2566/2,2,2566,5,12,36278,อ30216
2566/2,2,2566,5,12,36278,อ32206
2566/2,2,2566,5,12,36278,I32202
2566/2,2,2566,5,12,36278,ก32912
2566/2,2,2566,5,12,36278,ก32913
2566/2,2,2566,5,12,35954,ว32182
2566/2,2,2566,5,12,35954,ง32212
2566/2,2,2566,5,12,36179,ว32182
2566/2,2,2566,5,12,36179,ง32104
2565/2,2,2565,5,12,36129,ว31234
2566/1,1,2566,5,12,36129,ก32902
2566/2,2,2566,5,12,36129,ว32182
2566/2,2,2566,5,12,36129,อ32206
2566/2,2,2566,5,12,36001,ว30105
2566/2,2,2566,5,12,36001,ส32102
2566/2,2,2566,5,12,36001,ง32104
2565/1,1,2565,5,12,37735,ศ31101
2565/2,2,2565,5,12,37735,ส31104
2565/2,2,2565,5,12,37735,ศ31102
2566/1,1,2566,5,12,37735,ท32101
2566/1,1,2566,5,12,37735,ว30107
2566/1,1,2566,5,12,37735,ส32101
2566/1,1,2566,5,12,37735,พ32101
2566/1,1,2566,5,12,37735,ศ32101
2566/1,1,2566,5,12,37735,I32201
2566/1,1,2566,5,12,37735,ก32902
2566/2,2,2566,5,12,37735,ว32182
2566/2,2,2566,5,12,37735,ว30105
2566/2,2,2566,5,12,37735,ส32102
2566/2,2,2566,5,12,37735,ศ32102
2566/2,2,2566,5,12,37735,ง32104
2566/2,2,2566,5,12,37735,อ32102
2566/2,2,2566,5,12,37735,ง32210
2566/2,2,2566,5,12,37735,ง32212
2566/2,2,2566,5,12,37735,อ30216
2566/2,2,2566,5,12,37735,จ30204
2566/2,2,2566,5,12,37735,ก32912
2566/1,1,2566,5,12,36145,ก32902
2566/2,2,2566,5,12,36145,ว32182
2566/2,2,2566,5,12,36145,ว30105
2566/2,2,2566,5,12,36145,ศ32102
2566/2,2,2566,5,12,36145,ง32104
2566/2,2,2566,5,12,36145,อ32102
2566/2,2,2566,5,12,36145,จ30204
2566/1,1,2566,5,12,36284,พ32101
2566/1,1,2566,5,12,36284,อ30215
2566/1,1,2566,5,12,36284,ก32902
2566/2,2,2566,5,12,36284,ว32182
2566/2,2,2566,5,12,36284,ว30105
2566/2,2,2566,5,12,36284,พ32102
2566/2,2,2566,5,12,36284,อ32102
2566/2,2,2566,5,12,36284,ง32210
2566/2,2,2566,5,12,36284,อ30216
2566/2,2,2566,5,12,36284,อ32206
2566/2,2,2566,5,12,36284,I32202
2566/2,2,2566,5,12,36284,ก32912
2566/2,2,2566,5,12,36284,ก32913
2565/1,1,2565,5,12,37736,ศ31101
2566/1,1,2566,5,12,37736,ท32101
2566/1,1,2566,5,12,37736,ว30107
2566/1,1,2566,5,12,37736,พ32101
2566/1,1,2566,5,12,37736,อ32101
2566/1,1,2566,5,12,37736,อ32205
2566/1,1,2566,5,12,37736,อ30215
2566/1,1,2566,5,12,37736,I32201
2566/1,1,2566,5,12,37736,ก32902
2566/2,2,2566,5,12,37736,ท32102
2566/2,2,2566,5,12,37736,ว32182
2566/2,2,2566,5,12,37736,ส32102
2566/2,2,2566,5,12,37736,อ32102
2566/2,2,2566,5,12,37736,ง32210
2566/2,2,2566,5,12,37736,ง32212
2566/2,2,2566,5,12,37736,อ30216
2566/2,2,2566,5,12,37736,จ30204
2566/2,2,2566,5,12,37736,อ32206
2566/2,2,2566,5,12,37736,I32202
2566/2,2,2566,5,12,37736,ก32912
2566/2,2,2566,5,12,37736,ก32913
2566/2,2,2566,5,12,37736,ก32911
2565/1,1,2565,5,12,36174,ศ31101
2565/1,1,2565,5,12,36174,ง30202
2565/1,1,2565,5,12,36174,ก31901
2565/2,2,2565,5,12,36174,ว30106
2565/2,2,2565,5,12,36174,ว31234
2566/1,1,2566,5,12,36174,ว30107
2566/1,1,2566,5,12,36174,ส32101
2566/1,1,2566,5,12,36174,ก32902
2566/2,2,2566,5,12,36174,ง32104
2566/2,2,2566,5,12,36174,จ30204
2566/2,2,2566,5,12,36174,ก32912
2566/1,1,2566,5,12,38228,ศ32101
2566/1,1,2566,5,12,38228,อ30215
2566/1,1,2566,5,12,38228,ก32902
2566/2,2,2566,5,12,38228,ว32182
2566/2,2,2566,5,12,38228,ส32102
2566/2,2,2566,5,12,38228,ง32104
2566/2,2,2566,5,12,38228,อ32102
2566/2,2,2566,5,12,38228,ง32212
2566/2,2,2566,5,12,38228,อ30216
2566/2,2,2566,5,12,38228,อ32206
