2566/1,1,2566,1,0,38527,ท21101
2566/1,1,2566,1,0,38687,ท21101
2566/1,1,2566,1,0,38732,ท21101
2566/1,1,2566,1,0,38751,ท21101
2566/1,1,2566,1,0,38527,ค21101
2566/1,1,2566,1,0,38687,ค21101
2566/1,1,2566,1,0,38732,ค21101
2566/1,1,2566,1,0,38751,ค21101
2566/1,1,2566,1,0,38527,ว21105
2566/1,1,2566,1,0,38687,ว21105
2566/1,1,2566,1,0,38732,ว21105
2566/1,1,2566,1,0,38732,ว21107
2566/1,1,2566,1,0,38751,ว21105
2566/1,1,2566,1,0,38751,ว21107
2566/1,1,2566,1,0,38527,ส21101
2566/1,1,2566,1,0,38527,ส21103
2566/1,1,2566,1,0,38687,ส21103
2566/1,1,2566,1,0,38732,ส21101
2566/1,1,2566,1,0,38751,ส21101
2566/1,1,2566,1,0,38751,ส21103
2566/1,1,2566,1,0,38751,พ21103
2566/1,1,2566,1,0,38527,ศ21101
2566/1,1,2566,1,0,38732,ศ21101
2566/1,1,2566,1,0,38751,ศ21101
2566/1,1,2566,1,0,38527,ง21105
2566/1,1,2566,1,0,38687,ง21105
2566/1,1,2566,1,0,38751,ง21105
2566/1,1,2566,1,0,38527,อ21101
2566/1,1,2566,1,0,38751,อ21101
2566/1,1,2566,1,0,38527,ท21203
2566/1,1,2566,1,0,38527,ค21205
2566/1,1,2566,1,0,38732,ค21205
2566/1,1,2566,1,0,38751,ค21205
2566/1,1,2566,1,0,38527,ว21205
2566/1,1,2566,1,0,38687,ว21221
2566/1,1,2566,1,0,38751,ว21221
2566/1,1,2566,1,0,38687,พ20202
2566/1,1,2566,1,0,38732,พ20202
2566/1,1,2566,1,0,38751,พ20202
2566/1,1,2566,1,0,38527,จ21203
2566/1,1,2566,1,0,38527,อ21203
2566/1,1,2566,1,0,38687,จ21203
2566/1,1,2566,1,0,38687,อ21203
2566/1,1,2566,1,0,38732,จ21203
2566/1,1,2566,1,0,38751,จ21203
2566/1,1,2566,1,0,38751,อ21203
2566/1,1,2566,1,0,38527,ก21904
2566/1,1,2566,1,0,38687,ก21904
2566/1,1,2566,1,1,38732,ก21904
2566/1,1,2566,1,1,38253,ส21101
2566/2,2,2566,1,1,38253,ส21102
2566/1,1,2566,1,1,38274,ศ21101
2566/2,2,2566,1,1,38274,ค21102
2566/2,2,2566,1,1,38274,ส21102
2566/2,2,2566,1,1,38274,ง21106
2566/2,2,2566,1,1,38274,ว21213
2566/2,2,2566,1,1,38274,จ21204
2566/2,2,2566,1,1,38274,อ21208
2566/2,2,2566,1,6,38275,อ21208
2566/1,1,2566,1,6,38434,ส21103
2566/1,1,2566,1,6,38438,ส21103
2566/2,2,2566,1,6,38438,ว21106
2566/1,1,2566,1,6,38442,ส21103
2566/2,2,2566,1,6,38442,ว21106
2566/1,1,2566,1,7,38464,ส21103
2566/1,1,2566,1,7,38477,ส21101
2566/2,2,2566,1,7,38488,จ21204
2566/2,2,2566,1,7,38494,ก21911
2566/2,2,2566,1,7,38507,ก21911
2566/1,1,2566,1,7,38508,ส21101
2566/1,1,2566,1,7,38508,ก21901
2566/2,2,2566,1,8,38508,ก21911
2566/1,1,2566,1,8,38514,ส21101
2566/1,1,2566,1,8,38514,ค21205
2566/2,2,2566,1,8,38514,ส21104
2566/1,1,2566,1,8,38515,ค21205
2566/2,2,2566,1,8,38515,ส21104
2566/1,1,2566,1,8,38524,ก21901
2566/2,2,2566,1,8,38530,ง21106
2566/1,1,2566,1,8,38531,ส21103
2566/2,2,2566,1,8,38531,ง21106
2566/2,2,2566,1,8,38531,จ21204
2566/2,2,2566,1,8,38537,ส21104
2566/2,2,2566,1,8,38537,ง21106
2566/2,2,2566,1,8,38537,อ21102
2566/2,2,2566,1,8,38544,ส21104
2566/2,2,2566,1,8,38544,จ21204
2566/2,2,2566,1,8,38547,ส21104
2566/1,1,2566,1,8,38549,ค21101
2566/1,1,2566,1,8,38549,ส21101
2566/2,2,2566,1,9,38549,ส21104
2566/2,2,2566,1,9,38554,ก21914
2566/2,2,2566,1,9,38560,อ21204
2566/1,1,2566,1,9,38562,ส21103
2566/1,1,2566,1,9,38566,ส21103
2566/1,1,2566,1,9,38567,ส21103
2566/1,1,2566,1,9,38567,ก21901
2566/1,1,2566,1,9,38573,ส21103
2566/2,2,2566,1,9,38573,อ21204
2566/1,1,2566,1,9,38576,ส21103
2566/2,2,2566,1,9,38576,ก21911
2566/2,2,2566,1,9,38581,พ20202
2566/1,1,2566,1,9,38584,ส21103
2566/2,2,2566,1,9,38584,อ21204
2566/1,1,2566,1,9,38589,ส21103
2566/2,2,2566,1,10,38589,ท21102
2566/2,2,2566,1,11,38613,พ20202
2566/2,2,2566,1,11,38634,พ20202
2566/2,2,2566,1,11,38634,ก21914
2566/1,1,2566,1,11,38636,อ21101
2566/2,2,2566,1,11,38636,ว21222
2566/2,2,2566,1,11,38636,ก21912
2566/2,2,2566,1,11,38636,ก21914
2566/1,1,2566,1,11,38640,ว21105
2566/1,1,2566,1,11,38640,ส21101
2566/1,1,2566,1,11,38640,ส21103
2566/2,2,2566,1,11,38640,ค21206
2566/2,2,2566,1,11,38640,พ20202
2566/1,1,2566,1,11,38641,จ21203
2566/2,2,2566,1,11,38641,ท21102
2566/2,2,2566,1,11,38641,ว21106
2566/2,2,2566,1,11,38641,ส21102
2566/2,2,2566,1,11,38641,พ21106
2566/2,2,2566,1,11,38641,ว21222
2566/2,2,2566,1,11,38641,พ20202
2566/2,2,2566,1,11,38641,จ21204
2566/2,2,2566,1,11,38653,อ21102
2566/1,1,2566,1,11,38656,ค21101
2566/1,1,2566,1,11,38656,ว21105
2566/1,1,2566,1,11,38656,ส21101
2566/1,1,2566,1,11,38656,ส21103
2566/1,1,2566,1,11,38656,ศ21101
2566/1,1,2566,1,11,38656,จ21203
2566/1,1,2566,1,11,38656,อ21203
2566/1,1,2566,1,11,38656,ก21904
2566/2,2,2566,1,11,38656,ท21102
2566/2,2,2566,1,11,38656,ค21102
2566/2,2,2566,1,11,38656,ว21106
2566/2,2,2566,1,11,38656,ส21102
2566/2,2,2566,1,11,38656,ส21104
2566/2,2,2566,1,11,38656,พ21106
2566/2,2,2566,1,11,38656,ศ21102
2566/2,2,2566,1,11,38656,ง21106
2566/2,2,2566,1,11,38656,อ21102
2566/2,2,2566,1,11,38656,ท21203
2566/2,2,2566,1,11,38656,ค21206
2566/2,2,2566,1,11,38656,ว21222
2566/2,2,2566,1,11,38656,พ20202
2566/2,2,2566,1,11,38656,อ21204
2566/2,2,2566,1,11,38656,จ21204
2566/2,2,2566,1,11,38656,ก21912
2566/2,2,2566,1,11,38656,ก21914
2566/1,1,2566,1,11,38657,ส21101
2566/1,1,2566,1,11,38658,ว21105
2566/1,1,2566,1,12,38658,ส21101
2566/1,1,2566,1,12,38674,ท21101
2566/1,1,2566,1,12,38674,ค21101
2566/1,1,2566,1,12,38674,ว21105
2566/1,1,2566,1,12,38674,ส21101
2566/1,1,2566,1,12,38674,ส21103
2566/1,1,2566,1,12,38674,ง21105
2566/1,1,2566,1,12,38674,อ21101
2566/1,1,2566,1,12,38674,ท21203
2566/1,1,2566,1,12,38674,ค21205
2566/1,1,2566,1,12,38674,ว21221
2566/1,1,2566,1,12,38674,พ20202
2566/1,1,2566,1,12,38674,จ21203
2566/1,1,2566,1,12,38674,อ21203
2566/1,1,2566,1,12,38674,ก21904
2566/2,2,2566,1,12,38674,ท21102
2566/2,2,2566,1,12,38674,ค21102
2566/2,2,2566,1,12,38674,ว21106
2566/2,2,2566,1,12,38674,ว21107
2566/2,2,2566,1,12,38674,ส21102
2566/2,2,2566,1,12,38674,ส21104
2566/2,2,2566,1,12,38674,พ21106
2566/2,2,2566,1,12,38674,พ21105
2566/2,2,2566,1,12,38674,ศ21102
2566/2,2,2566,1,12,38674,ง21106
2566/2,2,2566,1,12,38674,อ21102
2566/2,2,2566,1,12,38674,ค21206
2566/2,2,2566,1,12,38674,ว21222
2566/2,2,2566,1,12,38674,พ20201
2566/2,2,2566,1,12,38674,อ21204
2566/2,2,2566,1,12,38674,จ21204
2566/2,2,2566,1,12,38674,ก21912
2566/2,2,2566,1,12,38674,ก21913
2566/2,2,2566,1,12,38674,ก21914
2566/2,2,2566,1,12,38674,ก21911
2566/1,1,2566,1,12,38677,ส21103
2566/1,1,2566,1,12,38678,ส21103
2566/1,1,2566,1,12,38678,จ21203
2566/2,2,2566,1,12,38678,ง21106
2566/2,2,2566,1,12,38678,อ21204
2566/2,2,2566,1,12,38678,จ21204
2566/2,2,2566,1,12,38679,ว21106
2566/2,2,2566,1,12,38679,พ20201
2566/1,1,2566,1,12,38680,ส21103
2566/1,1,2566,1,12,38680,ค21205
2566/2,2,2566,1,12,38680,จ21204
2566/1,1,2566,1,12,38682,ก21901
2566/2,2,2566,1,12,38682,จ21204
2566/2,2,2566,1,12,38682,ก21911
2566/2,2,2566,1,12,38684,ว21106
2566/2,2,2566,1,12,38684,ค21206
2566/2,2,2566,1,12,38684,จ21204
2566/2,2,2566,1,12,38684,ก21914
2566/1,1,2566,1,12,38686,ส21103
2566/1,1,2566,1,12,38686,ค21205
2566/1,1,2566,1,12,38686,พ20202
2566/1,1,2566,1,12,38686,ก21904
2566/2,2,2566,1,12,38686,ว21106
2566/2,2,2566,1,12,38686,จ21204
2566/1,1,2566,1,12,38689,ส21103
2566/1,1,2566,1,12,38690,ส21103
2566/1,1,2566,1,12,38691,ค21101
2566/1,1,2566,1,12,38691,ว21105
2566/1,1,2566,1,12,38691,ส21103
2566/1,1,2566,1,12,38691,ค21205
2566/1,1,2566,1,12,38691,ว21221
2566/1,1,2566,1,12,38691,พ20202
2566/1,1,2566,1,12,38691,อ21203
2566/1,1,2566,1,12,38691,ก21904
2566/2,2,2566,1,12,38691,ท21102
2566/2,2,2566,1,12,38691,ค21102
2566/2,2,2566,1,12,38691,ว21106
2566/2,2,2566,1,12,38691,ว21107
2566/2,2,2566,1,12,38691,พ21106
2566/2,2,2566,1,12,38691,ศ21102
2566/2,2,2566,1,12,38691,ง21106
2566/2,2,2566,1,12,38691,อ21102
2566/2,2,2566,1,12,38691,ค21206
2566/2,2,2566,1,12,38691,ว21222
2566/2,2,2566,1,12,38691,พ20201
2566/2,2,2566,1,12,38691,อ21204
2566/2,2,2566,1,12,38691,จ21204
2566/2,2,2566,1,12,38691,ก21912
2566/2,2,2566,1,12,38691,ก21914
2566/1,1,2566,1,12,38692,ค21205
2566/1,1,2566,1,12,38692,อ21203
2566/2,2,2566,1,12,38692,ก21914
2566/2,2,2566,1,12,38693,พ20201
2566/1,1,2566,1,12,38707,ค21101
2566/1,1,2566,1,12,38707,ส21103
2566/1,1,2566,1,12,38707,ค21205
2566/2,2,2566,1,12,38707,จ21204
2566/1,1,2566,1,12,38708,ว21105
2566/1,1,2566,1,12,38708,ส21103
2566/1,1,2566,1,12,38708,ศ21101
2566/1,1,2566,1,12,38708,ง21105
2566/1,1,2566,1,12,38708,อ21203
2566/2,2,2566,1,12,38708,ท21102
2566/2,2,2566,1,12,38708,ค21102
2566/2,2,2566,1,12,38708,ว21106
2566/2,2,2566,1,12,38708,ว21107
2566/2,2,2566,1,12,38708,พ21106
2566/2,2,2566,1,12,38708,ศ21102
2566/2,2,2566,1,12,38708,ง21106
2566/2,2,2566,1,12,38708,อ21102
2566/2,2,2566,1,12,38708,ค21206
2566/2,2,2566,1,12,38708,ว21222
2566/2,2,2566,1,12,38708,พ20201
2566/2,2,2566,1,12,38708,อ21204
2566/2,2,2566,1,12,38708,จ21204
2566/1,1,2566,1,12,38710,ส21103
2566/2,2,2566,1,12,38710,จ21204
2566/1,1,2566,1,12,38711,พ20202
2566/1,1,2566,1,12,38713,ท21101
2566/1,1,2566,1,12,38713,ค21101
2566/1,1,2566,1,12,38713,ส21103
2566/1,1,2566,1,12,38713,ง21105
2566/1,1,2566,1,12,38713,พ20202
2566/1,1,2566,1,12,38713,จ21203
2566/1,1,2566,1,12,38713,อ21203
2566/1,1,2566,1,12,38713,ก21904
2566/2,2,2566,1,12,38713,ท21102
2566/2,2,2566,1,12,38713,ค21102
2566/2,2,2566,1,12,38713,ว21106
2566/2,2,2566,1,12,38713,ว21107
2566/2,2,2566,1,12,38713,พ21106
2566/2,2,2566,1,12,38713,ศ21102
2566/2,2,2566,1,12,38713,ง21106
2566/2,2,2566,1,12,38713,อ21102
2566/2,2,2566,1,12,38713,ค21206
2566/2,2,2566,1,12,38713,ว21222
2566/2,2,2566,1,12,38713,พ20201
2566/2,2,2566,1,12,38713,อ21204
2566/2,2,2566,1,12,38713,จ21204
2566/2,2,2566,1,12,38713,ก21912
2566/2,2,2566,1,13,38713,ก21914
2566/1,1,2566,1,13,38715,ก21904
2566/2,2,2566,1,13,38715,ท21102
2566/2,2,2566,1,13,38715,ค21102
2566/2,2,2566,1,13,38715,พ21106
2566/2,2,2566,1,13,38715,ง21106
2566/2,2,2566,1,13,38715,อ21102
2566/2,2,2566,1,13,38715,ค21206
2566/2,2,2566,1,13,38715,ว21222
2566/2,2,2566,1,13,38715,จ21204
2566/2,2,2566,1,13,38715,ก21913
2566/2,2,2566,1,13,38715,ก21914
2566/1,1,2566,1,13,38718,ศ21101
2566/1,1,2566,1,13,38718,พ20202
2566/2,2,2566,1,13,38719,ค21102
2566/2,2,2566,1,13,38719,จ21204
2566/2,2,2566,1,13,38719,ก21913
2566/2,2,2566,1,13,38721,ท21102
2566/2,2,2566,1,13,38721,พ21106
2566/2,2,2566,1,13,38721,ก21911
2566/1,1,2566,1,13,38723,ค21101
2566/1,1,2566,1,13,38723,ส21101
2566/1,1,2566,1,13,38723,พ20202
2566/1,1,2566,1,13,38723,อ21203
2566/2,2,2566,1,13,38723,ท21102
2566/2,2,2566,1,13,38723,ค21102
2566/2,2,2566,1,13,38723,พ21106
2566/2,2,2566,1,13,38723,อ21102
2566/2,2,2566,1,13,38723,ค21206
2566/2,2,2566,1,13,38723,พ20201
2566/2,2,2566,1,13,38723,จ21204
2566/2,2,2566,1,13,38723,ก21912
2566/2,2,2566,1,13,38723,ก21914
2566/2,2,2566,1,13,38723,ก21911
2566/1,1,2566,1,13,38724,ค21101
2566/1,1,2566,1,13,38724,ส21101
2566/2,2,2566,1,13,38724,ง21106
2566/2,2,2566,1,13,38724,อ21102
2566/1,1,2566,1,13,38726,ค21101
2566/1,1,2566,1,13,38726,ว21107
2566/1,1,2566,1,13,38726,ง21105
2566/1,1,2566,1,13,38726,ค21205
2566/1,1,2566,1,13,38726,ว21221
2566/1,1,2566,1,13,38726,พ20202
2566/1,1,2566,1,13,38726,จ21203
2566/1,1,2566,1,13,38726,ก21904
2566/2,2,2566,1,13,38726,ท21102
2566/2,2,2566,1,13,38726,ค21102
2566/2,2,2566,1,13,38726,พ21106
2566/2,2,2566,1,13,38726,ง21106
2566/2,2,2566,1,13,38726,อ21102
2566/2,2,2566,1,13,38726,ค21206
2566/2,2,2566,1,13,38726,พ20201
2566/2,2,2566,1,13,38726,จ21204
2566/2,2,2566,1,13,38726,ก21912
2566/2,2,2566,1,13,38726,ก21914
2566/2,2,2566,1,13,38726,ก21911
2566/1,1,2566,1,13,38727,ค21101
2566/1,1,2566,1,13,38727,ว21221
2566/1,1,2566,1,13,38727,อ21203
2566/2,2,2566,1,13,38727,ท21102
2566/2,2,2566,1,13,38727,ค21102
2566/2,2,2566,1,13,38727,พ21105
2566/2,2,2566,1,13,38727,ศ21102
2566/2,2,2566,1,13,38727,ง21106
2566/2,2,2566,1,13,38727,อ21102
2566/2,2,2566,1,13,38727,ค21206
2566/2,2,2566,1,13,38727,ว21222
2566/2,2,2566,1,13,38727,อ21204
2566/2,2,2566,1,13,38727,จ21204
2566/2,2,2566,1,13,38727,ก21912
2566/2,2,2566,1,13,38727,ก21914
2566/1,1,2566,1,13,38728,พ20202
2566/2,2,2566,1,13,38728,ง21106
2566/1,1,2566,1,13,38729,ค21101
2566/1,1,2566,1,13,38729,ส21101
2566/1,1,2566,1,13,38729,ศ21101
2566/1,1,2566,1,13,38729,ว21221
2566/1,1,2566,1,13,38729,พ20202
2566/1,1,2566,1,13,38729,ก21904
2566/2,2,2566,1,13,38729,ค21102
2566/2,2,2566,1,13,38729,พ21106
2566/2,2,2566,1,13,38729,ศ21102
2566/2,2,2566,1,13,38729,ง21106
2566/2,2,2566,1,13,38729,ค21206
2566/2,2,2566,1,13,38729,ว21222
2566/2,2,2566,1,13,38729,อ21204
2566/2,2,2566,1,13,38729,ก21913
2566/2,2,2566,1,13,38729,ก21914
2566/1,1,2566,1,13,38730,พ20202
2566/1,1,2566,1,13,38730,ก21901
2566/2,2,2566,1,13,38730,ค21102
2566/2,2,2566,1,13,38730,พ21106
2566/2,2,2566,1,13,38730,ศ21102
2566/2,2,2566,1,13,38730,ค21206
2566/2,2,2566,1,13,38730,ว21222
2566/2,2,2566,1,13,38730,จ21204
2566/2,2,2566,1,13,38730,ก21913
2566/2,2,2566,1,13,38730,ก21914
2566/1,1,2566,1,13,38731,ส21101
2566/1,1,2566,1,13,38731,พ20202
2566/2,2,2566,1,13,38731,จ21204
2566/2,2,2566,1,13,38733,พ21106
2566/2,2,2566,1,13,38733,ก21911
2566/1,1,2566,1,13,38735,ค21101
2566/1,1,2566,1,13,38735,ค21205
2566/1,1,2566,1,13,38735,พ20202
2566/2,2,2566,1,13,38735,ท21102
2566/2,2,2566,1,13,38735,ค21102
2566/2,2,2566,1,13,38735,พ21106
2566/2,2,2566,1,13,38735,ค21206
2566/2,2,2566,1,13,38735,ก21911
2566/1,1,2566,1,13,38736,ค21101
2566/1,1,2566,1,13,38736,ส21101
2566/1,1,2566,1,13,38736,ค21205
2566/1,1,2566,1,13,38736,พ20202
2566/1,1,2566,1,13,38736,ก21904
2566/1,1,2566,1,13,38736,ก21901
2566/2,2,2566,1,13,38736,ท21102
2566/2,2,2566,1,13,38736,ค21102
2566/2,2,2566,1,13,38736,ส21102
2566/2,2,2566,1,13,38736,พ21106
2566/2,2,2566,1,13,38736,ง21106
2566/2,2,2566,1,13,38736,อ21102
2566/2,2,2566,1,13,38736,ค21206
2566/2,2,2566,1,13,38736,ว21222
2566/2,2,2566,1,13,38736,อ21204
2566/2,2,2566,1,13,38736,จ21204
2566/2,2,2566,1,13,38736,ก21913
2566/2,2,2566,1,13,38736,ก21914
2566/2,2,2566,1,13,38736,ก21911
2566/1,1,2566,1,13,38738,ศ21101
2566/1,1,2566,1,13,38739,ท21101
2566/1,1,2566,1,13,38739,ค21101
2566/1,1,2566,1,13,38739,ว21105
2566/1,1,2566,1,13,38739,ส21101
2566/1,1,2566,1,13,38739,ศ21101
2566/1,1,2566,1,13,38739,อ21101
2566/1,1,2566,1,13,38739,ค21205
2566/1,1,2566,1,13,38739,ว21221
2566/1,1,2566,1,13,38739,พ20202
2566/1,1,2566,1,13,38739,ก21904
2566/2,2,2566,1,13,38739,ท21102
2566/2,2,2566,1,13,38739,ค21102
2566/2,2,2566,1,13,38739,ว21106
2566/2,2,2566,1,13,38739,ส21102
2566/2,2,2566,1,13,38739,ส21104
2566/2,2,2566,1,13,38739,พ21106
2566/2,2,2566,1,13,38739,พ21105
2566/2,2,2566,1,13,38739,ศ21102
2566/2,2,2566,1,13,38739,ง21106
2566/2,2,2566,1,13,38739,อ21102
2566/2,2,2566,1,13,38739,ท21203
2566/2,2,2566,1,13,38739,ค21206
2566/2,2,2566,1,13,38739,ว21222
2566/2,2,2566,1,13,38739,พ20201
2566/2,2,2566,1,13,38739,อ21204
2566/2,2,2566,1,13,38739,จ21204
2566/2,2,2566,1,13,38739,ก21912
2566/2,2,2566,1,13,38739,ก21913
2566/2,2,2566,1,13,38739,ก21914
2566/2,2,2566,1,13,38739,ก21911
2566/2,2,2566,1,13,38741,จ21204
2566/2,2,2566,1,13,38741,ก21914
2566/2,2,2566,1,13,38741,ก21911
2566/1,1,2566,1,13,38742,ค21205
2566/1,1,2566,1,13,38743,ส21101
2566/1,1,2566,1,13,38743,ศ21101
2566/1,1,2566,1,13,38743,พ20202
2566/2,2,2566,1,13,38743,ท21102
2566/2,2,2566,1,13,38743,ค21102
2566/2,2,2566,1,13,38743,พ21106
2566/2,2,2566,1,13,38743,ง21106
2566/2,2,2566,1,13,38743,อ21102
2566/2,2,2566,1,13,38743,ท21203
2566/2,2,2566,1,13,38743,ค21206
2566/2,2,2566,1,13,38743,ว21222
2566/2,2,2566,1,13,38743,จ21204
2566/2,2,2566,1,13,38743,ก21913
2566/2,2,2566,1,13,38743,ก21914
2566/1,1,2566,1,13,38745,ค21101
2566/1,1,2566,1,13,38745,ส21101
2566/1,1,2566,1,13,38745,ศ21101
2566/1,1,2566,1,13,38745,ง21105
2566/1,1,2566,1,13,38745,ว21221
2566/2,2,2566,1,13,38745,ท21102
2566/2,2,2566,1,13,38745,ค21102
2566/2,2,2566,1,13,38745,ศ21102
2566/2,2,2566,1,13,38745,ง21106
2566/2,2,2566,1,13,38745,ค21206
2566/2,2,2566,1,13,38745,อ21204
2566/2,2,2566,1,13,38745,ก21913
2566/1,1,2566,1,13,38747,ค21101
2566/1,1,2566,1,13,38747,ส21101
2566/1,1,2566,1,13,38747,อ21101
2566/1,1,2566,1,13,38747,พ20202
2566/2,2,2566,1,13,38747,อ21204
2566/2,2,2566,1,13,38747,ก21913
2566/1,1,2566,1,13,38752,ว21221
2566/1,1,2566,1,13,38752,พ20202
2566/2,2,2566,1,13,38752,ว21222
2566/2,2,2566,1,13,38752,ก21913
