2566/1,1,2566,1,1,38253,ส21101
2566/1,1,2566,1,3,38274,ศ21101
2566/1,1,2566,1,5,38327,ส21103
2566/1,1,2566,1,6,38399,ก21904
2566/1,1,2566,1,6,38434,ส21103
2566/1,1,2566,1,6,38438,ส21103
2566/1,1,2566,1,6,38441,ส21103
2566/1,1,2566,1,6,38442,ส21103
2566/1,1,2566,1,6,38452,ส21103
2566/1,1,2566,1,6,38464,ส21103
2566/1,1,2566,1,7,38465,ก21901
2566/1,1,2566,1,7,38477,ส21101
2566/1,1,2566,1,7,38499,ก21901
2566/1,1,2566,1,7,38508,ส21101
2566/1,1,2566,1,8,38508,ก21901
2566/1,1,2566,1,8,38514,ค21101
2566/1,1,2566,1,8,38514,ส21101
2566/1,1,2566,1,8,38514,ค21205
2566/1,1,2566,1,8,38515,ค21101
2566/1,1,2566,1,8,38515,ส21101
2566/1,1,2566,1,8,38515,ส21103
2566/1,1,2566,1,8,38515,ค21205
2566/1,1,2566,1,8,38524,ก21901
2566/1,1,2566,1,8,38527,ท21101
2566/1,1,2566,1,8,38527,ค21101
2566/1,1,2566,1,8,38527,ว21105
2566/1,1,2566,1,8,38527,ส21101
2566/1,1,2566,1,8,38527,ส21103
2566/1,1,2566,1,8,38527,ศ21101
2566/1,1,2566,1,8,38527,ง21105
2566/1,1,2566,1,8,38527,อ21101
2566/1,1,2566,1,8,38527,ท21203
2566/1,1,2566,1,8,38527,ค21205
2566/1,1,2566,1,8,38527,ว21205
2566/1,1,2566,1,8,38527,จ21203
2566/1,1,2566,1,8,38527,อ21203
2566/1,1,2566,1,8,38527,ก21904
2566/1,1,2566,1,8,38531,ส21103
2566/1,1,2566,1,8,38549,ค21101
2566/1,1,2566,1,8,38549,ว21105
2566/1,1,2566,1,8,38549,ส21101
2566/1,1,2566,1,9,38549,ค21205
2566/1,1,2566,1,9,38560,ส21103
2566/1,1,2566,1,9,38562,ส21103
2566/1,1,2566,1,9,38566,ส21103
2566/1,1,2566,1,9,38567,ส21103
2566/1,1,2566,1,9,38567,ก21901
2566/1,1,2566,1,9,38568,ส21103
2566/1,1,2566,1,9,38572,ก21901
2566/1,1,2566,1,9,38573,ส21103
2566/1,1,2566,1,9,38576,ส21103
2566/1,1,2566,1,9,38584,ส21103
2566/1,1,2566,1,10,38589,ส21103
2566/1,1,2566,1,10,38599,ก21901
2566/1,1,2566,1,11,38613,ก21901
2566/1,1,2566,1,11,38636,อ21101
2566/1,1,2566,1,11,38637,ก21904
2566/1,1,2566,1,11,38640,ว21105
2566/1,1,2566,1,11,38640,ส21101
2566/1,1,2566,1,11,38640,ส21103
2566/1,1,2566,1,11,38641,ว21105
2566/1,1,2566,1,11,38641,อ21101
2566/1,1,2566,1,11,38641,จ21203
2566/1,1,2566,1,11,38643,ก21901
2566/1,1,2566,1,11,38645,ศ21101
2566/1,1,2566,1,11,38645,ก21901
2566/1,1,2566,1,11,38649,ศ21101
2566/1,1,2566,1,11,38651,ส21101
2566/1,1,2566,1,11,38656,ค21101
2566/1,1,2566,1,11,38656,ว21105
2566/1,1,2566,1,11,38656,ส21101
2566/1,1,2566,1,11,38656,ส21103
2566/1,1,2566,1,11,38656,ศ21101
2566/1,1,2566,1,11,38656,จ21203
2566/1,1,2566,1,11,38656,อ21203
2566/1,1,2566,1,11,38656,ก21904
2566/1,1,2566,1,11,38657,ส21101
2566/1,1,2566,1,11,38658,ว21105
2566/1,1,2566,1,12,38658,ส21101
2566/1,1,2566,1,12,38674,ท21101
2566/1,1,2566,1,12,38674,ค21101
2566/1,1,2566,1,12,38674,ว21105
2566/1,1,2566,1,12,38674,ส21101
2566/1,1,2566,1,12,38674,ส21103
2566/1,1,2566,1,12,38674,ง21105
2566/1,1,2566,1,12,38674,อ21101
2566/1,1,2566,1,12,38674,ท21203
2566/1,1,2566,1,12,38674,ค21205
2566/1,1,2566,1,12,38674,ว21221
2566/1,1,2566,1,12,38674,พ20202
2566/1,1,2566,1,12,38674,จ21203
2566/1,1,2566,1,12,38674,อ21203
2566/1,1,2566,1,12,38674,ก21904
2566/1,1,2566,1,12,38677,ส21103
2566/1,1,2566,1,12,38678,ค21101
2566/1,1,2566,1,12,38678,ส21103
2566/1,1,2566,1,12,38678,จ21203
2566/1,1,2566,1,12,38678,ก21904
2566/1,1,2566,1,12,38679,ส21103
2566/1,1,2566,1,12,38680,ส21103
2566/1,1,2566,1,12,38680,ค21205
2566/1,1,2566,1,12,38681,ส21103
2566/1,1,2566,1,12,38682,ส21103
2566/1,1,2566,1,12,38682,ก21901
2566/1,1,2566,1,12,38684,ส21103
2566/1,1,2566,1,12,38684,ค21205
2566/1,1,2566,1,12,38685,ส21103
2566/1,1,2566,1,12,38686,ส21103
2566/1,1,2566,1,12,38686,ค21205
2566/1,1,2566,1,12,38686,พ20202
2566/1,1,2566,1,12,38686,ก21904
2566/1,1,2566,1,12,38687,ท21101
2566/1,1,2566,1,12,38687,ค21101
2566/1,1,2566,1,12,38687,ว21105
2566/1,1,2566,1,12,38687,ส21103
2566/1,1,2566,1,12,38687,ง21105
2566/1,1,2566,1,12,38687,ค21205
2566/1,1,2566,1,12,38687,ว21221
2566/1,1,2566,1,12,38687,พ20202
2566/1,1,2566,1,12,38687,จ21203
2566/1,1,2566,1,12,38687,อ21203
2566/1,1,2566,1,12,38687,ก21904
2566/1,1,2566,1,12,38689,ส21103
2566/1,1,2566,1,12,38690,ส21103
2566/1,1,2566,1,12,38691,ค21101
2566/1,1,2566,1,12,38691,ว21105
2566/1,1,2566,1,12,38691,ส21103
2566/1,1,2566,1,12,38691,ค21205
2566/1,1,2566,1,12,38691,ว21221
2566/1,1,2566,1,12,38691,พ20202
2566/1,1,2566,1,12,38691,อ21203
2566/1,1,2566,1,12,38691,ก21904
2566/1,1,2566,1,12,38692,ส21103
2566/1,1,2566,1,12,38692,ค21205
2566/1,1,2566,1,12,38692,อ21203
2566/1,1,2566,1,12,38694,ส21103
2566/1,1,2566,1,12,38707,ค21101
2566/1,1,2566,1,12,38707,ส21103
2566/1,1,2566,1,12,38707,ค21205
2566/1,1,2566,1,12,38708,ว21105
2566/1,1,2566,1,12,38708,ส21103
2566/1,1,2566,1,12,38708,ศ21101
2566/1,1,2566,1,12,38708,ง21105
2566/1,1,2566,1,12,38708,อ21203
2566/1,1,2566,1,12,38709,ส21103
2566/1,1,2566,1,12,38710,ส21103
2566/1,1,2566,1,12,38711,พ20202
2566/1,1,2566,1,12,38713,ท21101
2566/1,1,2566,1,12,38713,ค21101
2566/1,1,2566,1,12,38713,ส21103
2566/1,1,2566,1,12,38713,ง21105
2566/1,1,2566,1,12,38713,ค21205
2566/1,1,2566,1,12,38713,พ20202
2566/1,1,2566,1,12,38713,จ21203
2566/1,1,2566,1,12,38713,อ21203
2566/1,1,2566,1,13,38713,ก21904
2566/1,1,2566,1,13,38715,ก21904
2566/1,1,2566,1,13,38716,ค21205
2566/1,1,2566,1,13,38718,ศ21101
2566/1,1,2566,1,13,38718,พ20202
2566/1,1,2566,1,13,38721,ว21107
2566/1,1,2566,1,13,38721,อ21203
2566/1,1,2566,1,13,38721,ก21904
2566/1,1,2566,1,13,38722,พ20202
2566/1,1,2566,1,13,38723,ค21101
2566/1,1,2566,1,13,38723,ส21101
2566/1,1,2566,1,13,38723,พ20202
2566/1,1,2566,1,13,38723,อ21203
2566/1,1,2566,1,13,38724,ค21101
2566/1,1,2566,1,13,38724,ส21101
2566/1,1,2566,1,13,38726,ค21101
2566/1,1,2566,1,13,38726,ว21107
2566/1,1,2566,1,13,38726,ง21105
2566/1,1,2566,1,13,38726,ค21205
2566/1,1,2566,1,13,38726,ว21221
2566/1,1,2566,1,13,38726,พ20202
2566/1,1,2566,1,13,38726,จ21203
2566/1,1,2566,1,13,38726,อ21203
2566/1,1,2566,1,13,38726,ก21904
2566/1,1,2566,1,13,38727,ค21101
2566/1,1,2566,1,13,38727,ว21221
2566/1,1,2566,1,13,38727,อ21203
2566/1,1,2566,1,13,38728,พ20202
2566/1,1,2566,1,13,38729,ค21101
2566/1,1,2566,1,13,38729,ส21101
2566/1,1,2566,1,13,38729,ศ21101
2566/1,1,2566,1,13,38729,ว21221
2566/1,1,2566,1,13,38729,พ20202
2566/1,1,2566,1,13,38729,ก21904
2566/1,1,2566,1,13,38730,พ20202
2566/1,1,2566,1,13,38730,ก21901
2566/1,1,2566,1,13,38731,ส21101
2566/1,1,2566,1,13,38731,พ20202
2566/1,1,2566,1,13,38732,ท21101
2566/1,1,2566,1,13,38732,ค21101
2566/1,1,2566,1,13,38732,ว21105
2566/1,1,2566,1,13,38732,ว21107
2566/1,1,2566,1,13,38732,ส21101
2566/1,1,2566,1,13,38732,ศ21101
2566/1,1,2566,1,13,38732,ค21205
2566/1,1,2566,1,13,38732,พ20202
2566/1,1,2566,1,13,38732,จ21203
2566/1,1,2566,1,13,38732,ก21904
2566/1,1,2566,1,13,38733,ค21101
2566/1,1,2566,1,13,38733,ค21205
2566/1,1,2566,1,13,38733,อ21203
2566/1,1,2566,1,13,38733,ก21904
2566/1,1,2566,1,13,38735,ค21101
2566/1,1,2566,1,13,38735,ส21101
2566/1,1,2566,1,13,38735,ค21205
2566/1,1,2566,1,13,38735,พ20202
2566/1,1,2566,1,13,38735,อ21203
2566/1,1,2566,1,13,38735,ก21904
2566/1,1,2566,1,13,38736,ค21101
2566/1,1,2566,1,13,38736,ส21101
2566/1,1,2566,1,13,38736,ค21205
2566/1,1,2566,1,13,38736,ว21221
2566/1,1,2566,1,13,38736,พ20202
2566/1,1,2566,1,13,38736,ก21904
2566/1,1,2566,1,13,38736,ก21901
2566/1,1,2566,1,13,38738,ศ21101
2566/1,1,2566,1,13,38739,ท21101
2566/1,1,2566,1,13,38739,ค21101
2566/1,1,2566,1,13,38739,ว21105
2566/1,1,2566,1,13,38739,ส21101
2566/1,1,2566,1,13,38739,ศ21101
2566/1,1,2566,1,13,38739,อ21101
2566/1,1,2566,1,13,38739,ค21205
2566/1,1,2566,1,13,38739,ว21221
2566/1,1,2566,1,13,38739,พ20202
2566/1,1,2566,1,13,38739,ก21904
2566/1,1,2566,1,13,38742,ค21205
2566/1,1,2566,1,13,38743,ส21101
2566/1,1,2566,1,13,38743,ศ21101
2566/1,1,2566,1,13,38743,พ20202
2566/1,1,2566,1,13,38745,ค21101
2566/1,1,2566,1,13,38745,ส21101
2566/1,1,2566,1,13,38745,ศ21101
2566/1,1,2566,1,13,38745,ง21105
2566/1,1,2566,1,13,38745,ว21221
2566/1,1,2566,1,13,38747,ค21101
2566/1,1,2566,1,13,38747,ส21101
2566/1,1,2566,1,13,38747,ศ21101
2566/1,1,2566,1,13,38747,อ21101
2566/1,1,2566,1,13,38747,พ20202
2566/1,1,2566,1,13,38751,ท21101
2566/1,1,2566,1,13,38751,ค21101
2566/1,1,2566,1,13,38751,ว21105
2566/1,1,2566,1,13,38751,ว21107
2566/1,1,2566,1,13,38751,ส21101
2566/1,1,2566,1,13,38751,ส21103
2566/1,1,2566,1,13,38751,พ21103
2566/1,1,2566,1,13,38751,ศ21101
2566/1,1,2566,1,13,38751,ง21105
2566/1,1,2566,1,13,38751,อ21101
2566/1,1,2566,1,13,38751,ค21205
2566/1,1,2566,1,13,38751,ว21221
2566/1,1,2566,1,13,38751,พ20202
2566/1,1,2566,1,13,38751,จ21203
2566/1,1,2566,1,13,38751,อ21203
2566/1,1,2566,1,13,38752,ว21221
2566/1,1,2566,1,13,38752,พ20202
