2565/1,1,2565,3,7,36619,ว23205
2565/1,1,2565,3,7,36621,ว23205
2563/2,2,2563,3,7,36622,ก21913
2565/1,1,2565,3,7,36622,ว23205
2563/2,2,2563,3,7,36623,ว20214
2563/2,2,2563,3,7,36623,ก21913
2564/1,1,2564,3,7,36623,ส22101
2564/1,1,2564,3,7,36623,ส22103
2564/1,1,2564,3,7,36623,ท22201
2564/2,2,2564,3,7,36623,ว22106
2564/2,2,2564,3,7,36623,ส22104
2564/2,2,2564,3,7,36623,ศ22102
2564/2,2,2564,3,7,36623,ว22202
2565/1,1,2565,3,7,36623,ท23101
2565/1,1,2565,3,7,36623,ว23105
2565/1,1,2565,3,7,36623,ง23102
2565/1,1,2565,3,7,36623,ว23205
2565/1,1,2565,3,7,36623,จ20205
2563/2,2,2563,3,7,36624,ก21913
2564/1,1,2564,3,7,36624,ส22101
2564/1,1,2564,3,7,36624,ส22103
2564/1,1,2564,3,7,36624,ง22104
2564/1,1,2564,3,7,36624,ท22201
2564/1,1,2564,3,7,36624,I22201
2564/2,2,2564,3,7,36624,ว22106
2564/2,2,2564,3,7,36624,ส22104
2564/2,2,2564,3,7,36624,ศ22102
2564/2,2,2564,3,7,36624,ง22106
2564/2,2,2564,3,7,36624,ท22202
2564/2,2,2564,3,7,36624,I22202
2565/1,1,2565,3,7,36624,ว23105
2565/1,1,2565,3,7,36624,ว23205
2565/1,1,2565,3,7,36624,ก23903
2564/2,2,2564,3,7,36628,ก22913
2565/1,1,2565,3,7,36628,ท23101
2565/1,1,2565,3,7,36628,ศ23101
2565/1,1,2565,3,7,36628,ง23102
2565/1,1,2565,3,7,36628,อ23101
2565/1,1,2565,3,7,36628,ว23205
2565/1,1,2565,3,7,36628,ก23904
2565/1,1,2565,3,7,36629,ว23205
2563/1,1,2563,3,7,36631,ศ21101
2564/2,2,2564,3,7,36631,ก22913
2565/1,1,2565,3,7,36631,ท23101
2565/1,1,2565,3,7,36631,ก23903
2565/1,1,2565,3,7,36632,ว23205
2564/2,2,2564,3,7,36633,ง22106
2564/2,2,2564,3,7,36633,ก22913
2565/1,1,2565,3,7,36633,ท23101
2565/1,1,2565,3,7,36633,ว23205
2564/1,1,2564,3,7,36634,ส22101
2564/1,1,2564,3,7,36634,ท22201
2564/2,2,2564,3,7,36634,ง22106
2564/2,2,2564,3,7,36636,ก22913
2564/1,1,2564,3,7,36637,ส22101
2564/1,1,2564,3,7,36637,ง22104
2564/2,2,2564,3,7,36637,ง22106
2564/1,1,2564,3,7,36638,ส22101
2564/1,1,2564,3,7,36638,ส22103
2564/1,1,2564,3,7,36638,ว22204
2564/2,2,2564,3,7,36638,ว22106
2564/2,2,2564,3,7,36638,พ22105
2565/1,1,2565,3,7,36638,ท23101
2563/2,2,2563,3,7,36639,ก21913
2564/1,1,2564,3,7,36639,ส22101
2564/1,1,2564,3,7,36639,ส22103
2564/1,1,2564,3,7,36639,ง22104
2564/2,2,2564,3,7,36639,ว22106
2564/2,2,2564,3,7,36639,ส22104
2564/2,2,2564,3,7,36639,ศ22102
2564/2,2,2564,3,7,36639,I22202
2565/1,1,2565,3,7,36639,ท23101
2564/1,1,2564,3,7,36643,ส22103
2564/2,2,2564,3,7,36643,ศ22102
2565/1,1,2565,3,7,36643,ส23103
2563/1,1,2563,3,7,36646,ว21105
2563/1,1,2563,3,7,36646,ศ21101
2563/2,2,2563,3,7,36646,ค21102
2563/2,2,2563,3,7,36646,ส21104
2563/2,2,2563,3,7,36646,พ21106
2563/2,2,2563,3,7,36646,ง21106
2563/2,2,2563,3,7,36646,ค21202
2563/2,2,2563,3,7,36646,ก21913
2564/1,1,2564,3,7,36646,ส22101
2564/1,1,2564,3,7,36646,ส22103
2564/1,1,2564,3,7,36646,ศ22101
2564/1,1,2564,3,7,36646,ท22201
2564/1,1,2564,3,7,36646,จ20203
2564/1,1,2564,3,7,36646,I22201
2564/2,2,2564,3,7,36646,ท22102
2564/2,2,2564,3,7,36646,ว22106
2564/2,2,2564,3,7,36646,ส22102
2564/2,2,2564,3,7,36646,ส22104
2564/2,2,2564,3,7,36646,พ22105
2564/2,2,2564,3,7,36646,ศ22102
2564/2,2,2564,3,7,36646,ง22106
2564/2,2,2564,3,7,36646,อ22102
2564/2,2,2564,3,7,36646,ท22202
2564/2,2,2564,3,7,36646,I22202
2565/1,1,2565,3,7,36646,ท23101
2565/1,1,2565,3,7,36646,ค23101
2565/1,1,2565,3,7,36646,ว23105
2565/1,1,2565,3,7,36646,ส23103
2565/1,1,2565,3,7,36646,ว23205
2565/1,1,2565,3,7,36646,ก23904
2563/2,2,2563,3,7,36647,ค21102
2564/1,1,2564,3,7,36647,ว22105
2564/1,1,2564,3,7,36647,ส22101
2564/1,1,2564,3,7,36647,ส22103
2564/2,2,2564,3,7,36647,ว22106
2564/2,2,2564,3,7,36647,ส22104
2564/2,2,2564,3,7,36647,ง22106
2565/1,1,2565,3,7,36647,ท23101
2565/1,1,2565,3,7,36647,ส23103
2565/1,1,2565,3,7,36647,ท23201
2565/1,1,2565,3,7,36647,ว23205
2565/1,1,2565,3,7,36647,ก23904
2563/2,2,2563,3,7,36652,ส21102
2563/2,2,2563,3,7,36652,ส21104
2563/2,2,2563,3,7,36652,ง21106
2563/2,2,2563,3,7,36652,ว20214
2563/2,2,2563,3,7,36652,ก21913
2564/1,1,2564,3,7,36652,ค22101
2564/1,1,2564,3,7,36652,ว22105
2564/1,1,2564,3,7,36652,ว22104
2564/1,1,2564,3,7,36652,ส22103
2564/1,1,2564,3,7,36652,ท22201
2564/1,1,2564,3,7,36652,ว22204
2564/1,1,2564,3,7,36652,จ20203
2564/2,2,2564,3,7,36652,ท22102
2564/2,2,2564,3,7,36652,ว22106
2564/2,2,2564,3,7,36652,ว22103
2564/2,2,2564,3,7,36652,ส22104
2564/2,2,2564,3,7,36652,ศ22102
2564/2,2,2564,3,7,36652,ง22106
2564/2,2,2564,3,7,36652,ท22202
2564/2,2,2564,3,7,36652,ว22202
2564/2,2,2564,3,7,36652,I22202
2565/1,1,2565,3,7,36652,ท23101
2565/1,1,2565,3,7,36652,ค23101
2565/1,1,2565,3,7,36652,ว23104
2565/1,1,2565,3,7,36652,ว23105
2565/1,1,2565,3,7,36652,ส23101
2565/1,1,2565,3,7,36652,ส23103
2565/1,1,2565,3,7,36652,ศ23101
2565/1,1,2565,3,7,36652,ง23102
2565/1,1,2565,3,7,36652,อ23101
2565/1,1,2565,3,7,36652,ท23201
2565/1,1,2565,3,7,36652,ค23201
2565/1,1,2565,3,7,36652,ว23205
2565/1,1,2565,3,7,36652,อ23205
2565/1,1,2565,3,7,36652,จ20205
2565/1,1,2565,3,7,36652,ก23901
2565/1,1,2565,3,7,36652,ก23903
2565/1,1,2565,3,7,36652,ก23904
2563/2,2,2563,3,7,36654,ง21106
2563/2,2,2563,3,7,36654,ก21913
2564/1,1,2564,3,7,36654,ว22105
2564/1,1,2564,3,7,36654,ส22101
2564/1,1,2564,3,7,36654,ส22103
2564/1,1,2564,3,7,36654,พ22103
2564/1,1,2564,3,7,36654,ท22201
2564/1,1,2564,3,7,36654,จ20203
2564/2,2,2564,3,7,36654,ท22102
2564/2,2,2564,3,7,36654,ว22106
2564/2,2,2564,3,7,36654,ส22104
2565/1,1,2565,3,7,36654,ท23101
2565/1,1,2565,3,7,36654,ค23101
2565/1,1,2565,3,7,36654,ว23205
2565/1,1,2565,3,7,36654,อ23205
2565/1,1,2565,3,7,36654,จ20205
2565/1,1,2565,3,7,36654,ก23903
2564/1,1,2564,3,7,36655,ส22101
2564/2,2,2564,3,7,36655,ส22104
2565/1,1,2565,3,7,36655,ท23101
2565/1,1,2565,3,7,36655,อ23101
2565/1,1,2565,3,7,36655,ท23201
2565/1,1,2565,3,7,36655,ว23205
2565/1,1,2565,3,7,36655,จ20205
2563/2,2,2563,3,7,36657,ส21104
2564/1,1,2564,3,7,36657,ว22105
2564/1,1,2564,3,7,36657,ส22101
2564/1,1,2564,3,7,36657,ส22103
2564/1,1,2564,3,7,36657,ท22201
2564/1,1,2564,3,7,36657,ว22204
2564/1,1,2564,3,7,36657,I22201
2564/2,2,2564,3,7,36657,ว22106
2564/2,2,2564,3,7,36657,ส22104
2564/2,2,2564,3,7,36657,พ22105
2565/1,1,2565,3,7,36657,ส23103
2563/2,2,2563,3,7,36660,ก21914
2563/2,2,2563,3,7,36660,ก21913
2564/1,1,2564,3,7,36660,ส22101
2564/1,1,2564,3,7,36660,ท22201
2564/1,1,2564,3,7,36660,จ20203
2564/2,2,2564,3,7,36660,ส22104
2564/2,2,2564,3,7,36660,พ22105
2564/2,2,2564,3,7,36660,ศ22102
2565/1,1,2565,3,7,36660,ท23101
2565/1,1,2565,3,7,36660,อ23101
2564/1,1,2564,3,7,36661,ว22105
2564/1,1,2564,3,7,36661,ส22101
2563/2,2,2563,3,7,36662,ส21104
2563/2,2,2563,3,7,36662,ก21913
2564/1,1,2564,3,7,36662,ว22105
2564/1,1,2564,3,7,36662,ว22104
2564/1,1,2564,3,7,36662,ส22101
2564/1,1,2564,3,7,36662,ส22103
2564/1,1,2564,3,7,36662,พ22103
2564/1,1,2564,3,7,36662,ท22201
2564/1,1,2564,3,7,36662,จ20203
2564/2,2,2564,3,7,36662,ท22102
2564/2,2,2564,3,7,36662,ว22103
2564/2,2,2564,3,7,36662,ส22104
2564/2,2,2564,3,7,36662,ศ22102
2564/2,2,2564,3,7,36662,ง22106
2565/1,1,2565,3,7,36662,ท23101
2565/1,1,2565,3,7,36662,ว23105
2565/1,1,2565,3,7,36662,ส23103
2565/1,1,2565,3,7,36662,ท23201
2565/1,1,2565,3,7,36662,ว23205
2565/1,1,2565,3,7,36662,จ20205
2565/1,1,2565,3,7,36662,ก23901
2565/1,1,2565,3,7,36662,ก23903
2564/1,1,2564,3,7,36663,ส22101
2564/1,1,2564,3,7,36663,ส22103
2564/2,2,2564,3,7,36663,ว22106
2564/2,2,2564,3,7,36663,ส22104
2564/2,2,2564,3,7,36663,ศ22102
2565/1,1,2565,3,7,36663,ท23101
2565/1,1,2565,3,7,36663,ส23103
2565/1,1,2565,3,7,36663,อ23101
2565/1,1,2565,3,7,36663,ว23205
2565/1,1,2565,3,7,37008,ท23101
2565/1,1,2565,3,7,37008,อ23101
